SET session_replication_role = 'replica';

TRUNCATE TABLE "admin" CASCADE;
TRUNCATE TABLE "vehicleinspection" CASCADE;
TRUNCATE TABLE "trip" CASCADE;
TRUNCATE TABLE "vehicle" CASCADE;
TRUNCATE TABLE "cargotype" CASCADE;
TRUNCATE TABLE "driver" CASCADE;
TRUNCATE TABLE "User" CASCADE;
TRUNCATE TABLE "route" CASCADE;

INSERT INTO "admin" ("id", "created_at", "status", "is_deleted", "user_id") VALUES
('67d6526b-fdb1-4b55-b244-6a3f943d9eb2', '2025-02-24 19:03:51', 'Inactivo', '1', '840ea9f3-6edc-40da-8628-252906de9b25'),
('1cdd9881-a1a8-4216-b36e-a1d1b67c44b5', '2024-12-13 08:48:48', 'Inactivo', '1', '5e9c7153-370b-4e9b-970e-039254ad2eeb'),
('00dd82b9-bba1-43c7-bdee-f8010a9cb945', '2025-02-08 04:55:49', 'Activo', '1', 'ab2361ce-db5a-4d11-93ed-628a0ee3c1d7'),
('a7c8cd7f-b815-41e8-a9c6-9439f56b5076', '2024-12-25 05:39:07', 'Activo', '0', '7c740bfa-8d11-4f43-996c-5f1fded8d38c'),
('8cc759bf-cdde-41b6-bcb1-6a22f9646a2f', '2024-06-21 23:46:17', 'Activo', '0', '912f07ca-b7e7-4729-a0e6-3e31482afc36'),
('d66176ca-b62e-4bfd-af10-ad76c24ec163', '2025-01-16 14:28:45', 'Activo', '1', '743407b7-44de-4d9a-b0ea-317a43b6f8a8'),
('6ac18057-12d3-4a6c-939a-938960d62673', '2025-03-13 06:44:07', 'Activo', '1', 'c6d520a4-e4b2-4f0d-9086-ae0b00c1ea1e'),
('f1883362-7a7a-4d80-ac7a-8dfebeae2c86', '2025-03-10 11:09:47', 'Activo', '1', '7a6210d2-f641-41b4-a543-4f7dfdf30f9b'),
('6bf4c162-1447-4209-af71-bf320e308b46', '2025-01-27 23:45:16', 'Activo', '1', 'b9d28eda-f871-48a8-bb4e-2f3ed101a273'),
('89d40a90-bbc4-4e37-8fc1-445acf329d56', '2024-12-28 02:13:53', 'Activo', '0', '95109fa4-9ce8-4fd7-95c9-153d1e869ff1');


-- fabricate-flush


INSERT INTO "cargotype" ("id", "name", "description", "created_at", "status", "is_deleted") VALUES
('70333207-2625-4aa9-aca7-3bf1aff5b898', 'K2', 'Kydex for durable panels', '2024-12-28 11:49:52', 'Activo', '0'),
('5f18b769-8dfe-4bb0-b097-388144624cf9', 'I2', 'Ironwood for supports', '2025-01-01 03:23:28', 'Inactivo', '0'),
('c3a45879-0d29-4739-9d3a-880193ecaa16', 'I1', 'Iron for framework', '2024-09-09 14:51:58', 'Activo', '1'),
('241450e2-74f9-45a5-8150-0a47af13e47d', 'H2', 'High-density polyethylene for containers', '2024-06-27 02:23:54', 'Activo', '0'),
('81a08a87-8644-4703-b852-b0a528939ea0', 'H1', 'Hemp for biodegradable composites', '2024-10-28 09:47:36', 'Inactivo', '0'),
('ffd0836a-8467-4bf1-aefd-e2d4e44f238c', 'G1', 'Glass for windows', '2024-04-25 19:53:31', 'Inactivo', '1'),
('6a241f3a-412f-4561-a066-14dc4e1cf6bb', 'E2', 'Elastic rubber for tires', '2025-03-29 13:37:33', 'Activo', '1'),
('4dad34b2-ffb4-4154-9d52-37f63f5acd50', 'D2', 'Durable plastic for truck beds', '2024-05-21 07:43:50', 'Inactivo', '1'),
('cde71974-a748-415d-b308-037dca590708', 'C2', 'Concrete for heavy equipment', '2024-09-04 21:51:18', 'Activo', '0'),
('6437b6b3-b98d-482d-8f7d-ba0b0a51ef1e', 'B2', 'Brass for fittings', '2024-04-21 09:24:52', 'Inactivo', '0');


-- fabricate-flush


INSERT INTO "driver" ("id", "user_id", "first_name", "last_name", "employee_number", "license", "license_expiration", "created_at", "status", "is_deleted") VALUES
('02ea9ed7-78b9-4f2f-b06a-02b8028acfcc', 'b9d28eda-f871-48a8-bb4e-2f3ed101a273', 'Curtice', 'Menilove', 'EMP40111', 'EIMG8TTIX', '2024-05-09', '2024-06-07 14:34:12', 'Activo', '1'),
('05cd6ebd-3690-401c-9a79-f3289dc7114c', 'a1f59b00-464c-4fc2-a40d-7cb6c8a3e628', 'Merrel', 'Hansford', 'EMP79987', 'E54SO0ORI6', '2024-11-23', '2024-04-11 05:17:17', 'Activo', '1'),
('063c9897-e0c1-41b7-bd03-607950c6146d', '01a44e0b-695b-4eeb-835b-e7183766af2d', 'Celesta', 'McKeurtan', 'EMP47387', 'AH6B0Q', '2025-02-02', '2024-06-24 23:05:34', 'Inactivo', '0'),
('0729ab2f-4e5d-43f6-a038-8adca9327935', '912f07ca-b7e7-4729-a0e6-3e31482afc36', 'Darren', 'Grass', 'EMP21470', 'EG91', '2024-06-25', '2024-08-25 12:47:53', 'Inactivo', '0'),
('0dfddf7f-a7dc-472d-9e5c-e779a38282e8', 'b092bcdd-95c7-4c66-8b6c-d2cde60aebc7', 'Samson', 'Jeffcock', 'EMP88485', '55', '2024-10-07', '2024-09-14 08:49:24', 'Inactivo', '1'),
('12160f9c-9906-475d-a170-b803a383abe0', '3d587a5b-a9a6-4663-8d0e-fb1aa3027afb', 'Sophey', 'Benez', 'EMP23139', 'S04BBEXUVBU1FZ', '2024-07-20', '2024-05-23 23:42:47', 'Inactivo', '0'),
('14bcbcf0-ec2c-4dba-beff-434c1127c74d', '978398f2-f72b-48b0-b9fa-bfe87a727e08', 'Midge', 'Newbury', 'EMP07249', 'LS6KROO', '2024-10-12', '2024-04-28 13:55:35', 'Inactivo', '1'),
('1794064c-11a7-4415-b874-40bd8797d6a5', '0000b812-ea95-4fbf-ab70-e778257b331f', 'Codie', 'Langford', 'EMP10609', '5DW', '2025-03-16', '2024-09-22 00:18:01', 'Inactivo', '0'),
('17ac297c-4fc6-455b-b015-c90cd74f2357', 'd542d916-b30f-4e98-84d8-b9bfd727ab62', 'Germana', 'Wraighte', 'EMP04208', 'A2IDW9CTBASU82', '2024-11-25', '2024-04-15 07:14:26', 'Inactivo', '0'),
('1a1e9d99-dfc3-4adb-9a01-be7802d63b9b', '1646fb81-7a3c-4ab9-91c3-f18f11007eb9', 'Sharon', 'Hugh', 'EMP74236', '24FH0KOQT', '2024-07-18', '2025-01-25 10:13:10', 'Activo', '0'),
('1e68db0a-31ca-497c-8ce8-4fb50e648444', '88f121e4-4b14-4dfe-b51c-615a928e803f', 'Burke', 'Northley', 'EMP69309', 'A5KBMOBSU20FBR7', '2024-10-22', '2024-08-17 09:12:39', 'Activo', '1'),
('22611565-174d-4615-b2f2-09846763c9ff', '2b540536-3909-436f-ac92-ebb019955778', 'Eadie', 'Meriot', 'EMP30700', 'N4LNQ14FVMG', '2025-03-22', '2024-06-16 02:05:50', 'Inactivo', '0'),
('2546ce56-508b-4f93-907b-2ce76295ff26', '27c39d2a-6397-4eb1-a154-c6d63411e74e', 'Sallyann', 'Maciunas', 'EMP28886', 'I9OEDLE08XAC3', '2024-08-12', '2024-06-27 11:28:53', 'Activo', '1'),
('28d73945-458d-4b2b-9980-2622ea30c18a', 'a0b8b3e3-b0b7-4127-ba04-cd99ab703af7', 'Eada', 'Tuffield', 'EMP16085', 'ZU776IAK', '2024-10-22', '2024-09-02 17:39:03', 'Activo', '0'),
('29986819-2e7b-4e5f-89c9-e13f31c16aae', '7bb34f59-a57d-4593-aa7c-81dabc4f1747', 'Ari', 'Waldrum', 'EMP53772', 'ZNBMF93RK', '2024-08-11', '2024-04-22 10:14:31', 'Activo', '1'),
('36b3dddd-1ec2-465e-8478-3f6a1bcbc3c1', '032a5c8f-3da2-4052-be7e-f8deb24508e7', 'Berna', 'Drust', 'EMP72759', 'Y470K', '2024-09-22', '2024-09-01 01:25:08', 'Activo', '0'),
('38845b28-c1b1-49ea-baa2-295d77e7d201', '4cbc4e51-fbae-4c76-b00d-c17540069a0a', 'Elianore', 'Pluvier', 'EMP65558', 'RVH2RHUZP1AO4B', '2024-04-20', '2025-03-26 01:56:25', 'Inactivo', '0'),
('39a0fe85-c541-48d6-b578-ccb58ef84ff8', 'a06e88c0-c1d2-4842-b609-2e3a6ff46e8f', 'Roby', 'Flucker', 'EMP65771', 'YRDJFLP7T1O', '2024-08-26', '2024-05-29 18:56:07', 'Inactivo', '1'),
('3a9b389e-3415-44a0-ad81-a7edfbb214a7', '11ebc63f-2307-4ea1-95e9-53b3290fcec9', 'Kiah', 'Grigoryev', 'EMP78026', 'N0ERKVAGHX08W', '2025-02-16', '2024-08-21 18:12:01', 'Inactivo', '1'),
('3cba5bba-fc14-481f-801a-6759a4a8cdb6', '14f51e05-9daf-4135-b1fc-ec02a890110c', 'Johnette', 'Hobden', 'EMP48458', 'HM5SOTG0S', '2024-08-28', '2024-10-26 18:22:28', 'Inactivo', '1'),
('3d5c3794-613c-443a-aad2-87834e5641c4', 'c6833e63-e5c0-4dcb-9ca2-36690037e83a', 'Shannon', 'Lodford', 'EMP98929', '6SPBH5S9B0LWP', '2024-08-04', '2024-07-29 00:29:11', 'Activo', '0'),
('4133e296-7fed-4256-ba57-2cf8e7dea194', '197ad342-0b9d-445c-8bbe-e467ffdcd03c', 'Regine', 'Pregel', 'EMP18168', 'T0', '2024-12-07', '2024-04-05 02:01:05', 'Activo', '0'),
('467bc1a7-373c-48c3-8853-79434eb6442e', '5d0a7661-516a-4510-a3d3-b1890fd51ce1', 'Kipp', 'Alps', 'EMP34341', 'HPEV69XKF9D', '2024-12-10', '2024-06-10 23:33:16', 'Activo', '1'),
('46d2012b-d348-4fc5-90f5-9e5f56ea77d0', '5e9c7153-370b-4e9b-970e-039254ad2eeb', 'Tann', 'Bignell', 'EMP11302', 'LLT3B', '2024-04-28', '2024-08-09 16:59:44', 'Activo', '0'),
('472b195b-cc96-49a8-ba46-50df57542ccf', '827572ce-626c-464d-9b8c-9da9e37be7ec', 'Jelene', 'Parrett', 'EMP52771', '8556YVL', '2024-11-28', '2024-11-15 10:10:47', 'Inactivo', '0'),
('48b7ed6b-b89b-4447-945b-5b0da84c0720', 'ab2361ce-db5a-4d11-93ed-628a0ee3c1d7', 'Tim', 'Edinboro', 'EMP10316', 'JXRCKH15SDT', '2025-02-21', '2024-11-21 02:03:52', 'Activo', '0'),
('52241ced-5e70-4513-abc7-e2edbf508705', '0f72bd3f-661f-4afc-ba62-82685cf9315e', 'Lynett', 'Chattey', 'EMP48418', 'ED', '2024-06-23', '2025-02-10 00:19:52', 'Inactivo', '0'),
('53c15636-a335-48ab-83ad-5286887ef13c', 'dc38d1da-98ba-4aef-94f4-d7d54510264e', 'Wilton', 'Cook', 'EMP76997', '7BOFO3QPVY8LIJ', '2024-11-14', '2024-12-02 03:20:13', 'Activo', '0'),
('5597c029-1491-466b-9ff2-4d032db990f4', '268ba411-038f-4289-98f1-3c77b8005618', 'Zedekiah', 'Kaveney', 'EMP16778', 'U', '2024-05-11', '2025-02-13 22:41:40', 'Activo', '0'),
('55c14534-a859-4f04-9f35-7abb59fa1be1', '87534ca2-c6eb-4f5f-9e30-cd0752da01a2', 'Lalo', 'Narramor', 'EMP77659', 'JEK', '2024-05-02', '2024-10-25 07:35:38', 'Activo', '1'),
('562c6458-78fe-4f7d-af81-5b9c0f66c774', '04413d2e-2810-4b4b-bc4b-2c9b3b21e3ed', 'Willa', 'Lombardo', 'EMP43115', 'L29FUMYLSGB', '2024-07-16', '2024-09-18 17:36:06', 'Activo', '1'),
('56a4dd95-289b-43ba-9da3-30dc0b7644a5', '110802d6-6e37-45b4-86c1-c9744f822e95', 'Roanne', 'Brimham', 'EMP91693', 'UZSSA', '2024-07-31', '2025-02-19 16:21:40', 'Activo', '0'),
('59a61f9a-1f67-4a90-8a90-1755aca64560', '323edef4-bccd-4ef6-867f-b9559df8e91d', 'Loutitia', 'St. Quintin', 'EMP57592', 'B9CSB0', '2024-06-15', '2024-08-30 08:08:49', 'Inactivo', '1'),
('5f976393-ba50-4dd1-8541-13a7efe82d72', 'cd9c2232-d9c4-4cc2-8dc9-2e2dd22ac2d5', 'Bucky', 'Pittem', 'EMP28788', '34HTGWKZ', '2024-11-04', '2024-09-20 02:21:47', 'Activo', '1'),
('615cdf47-270b-448d-ab42-5637864d19ad', '2d56e3fa-b110-4baa-8edc-b16d42edb2bc', 'Cherrita', 'Ager', 'EMP90367', 'JBQPJO7JV', '2024-09-17', '2024-05-12 02:55:42', 'Activo', '0'),
('62f33602-e41b-416e-8499-26bdf28fe145', 'c050e5ce-dd25-474d-8880-ad662ef2cfb5', 'Carly', 'Chown', 'EMP87558', 'VG1', '2024-10-09', '2025-03-26 10:19:32', 'Inactivo', '1'),
('665b050a-20ad-46fc-8392-ae3378ddef70', 'dd0bda0f-720d-4a3e-950c-b026d3e5f1f6', 'James', 'Scotchbourouge', 'EMP29355', 'BMUXO0MJT', '2024-11-03', '2024-08-26 00:42:02', 'Inactivo', '1'),
('675d797a-3f17-4afc-8660-29d569c3adf6', '727fdc68-afac-486a-9e05-31169bb60918', 'Kayley', 'Streader', 'EMP23070', 'DHNOB8QZ6DH5NU', '2024-04-22', '2024-08-26 09:16:59', 'Inactivo', '1'),
('676813f7-ab42-4b33-bae2-634c2b817528', '52312519-63e4-4fe6-8ff6-baa93c56bcd5', 'Flossie', 'Petts', 'EMP23997', 'DGBB66', '2024-05-29', '2025-03-30 16:00:55', 'Activo', '0'),
('6b8e4d76-6168-49d9-81e9-60b672eee7db', 'c668cad6-dfbb-4274-8949-4b0e7f9c5ed7', 'Mela', 'Dewer', 'EMP44675', 'XHA7I', '2024-12-24', '2025-01-13 20:19:37', 'Inactivo', '1'),
('76c7f409-1cf6-4ed5-a513-16c350101925', 'e5e6481a-c867-4b72-905a-46d08ae18b33', 'Grayce', 'MacGettigen', 'EMP74726', 'TLWKJGZVN', '2024-09-13', '2025-01-10 11:01:18', 'Inactivo', '1'),
('796f5b7f-155b-43d3-8713-76148310ec77', 'a2ca560d-dc9c-495f-99e8-d5555b150f4a', 'Jase', 'Dougliss', 'EMP20768', 'I6Y4WJKATRQ7GGF', '2024-05-18', '2025-01-15 00:53:42', 'Inactivo', '1'),
('7e7bb64e-e3b8-435c-9467-42676a583f02', '743407b7-44de-4d9a-b0ea-317a43b6f8a8', 'Fredrika', 'Huish', 'EMP49916', 'EORSCBZK', '2024-11-19', '2024-11-11 06:00:38', 'Inactivo', '0'),
('8380c033-ce0d-406b-a6ab-7a1d13147637', '6231c68c-9935-40e4-a633-7d269eb01f7d', 'Durante', 'Barti', 'EMP76220', '4UZRN7E0CBIK8', '2024-12-18', '2025-02-27 12:55:50', 'Activo', '0'),
('88664202-9c30-493d-ac6b-5d19363ad555', '39b7e6a2-ef3b-4f62-b52c-c1d46f590439', 'Luciana', 'Hazeldean', 'EMP73308', '2LNY0MISLXNVYF', '2025-02-18', '2024-04-20 06:57:28', 'Activo', '1'),
('89263cfa-716a-4a78-88a0-0c088e900586', 'd620e906-65ab-472b-831a-9c1de3cc41e6', 'Obed', 'Standbrook', 'EMP17650', 'FZLYHASG4YGHZF', '2024-04-05', '2024-10-25 17:18:10', 'Activo', '1'),
('8b610106-f31d-405e-a7c1-81c1e8dfd150', '8bea6961-66d0-4c45-ab46-0ebd43a8590c', 'Christophe', 'Broadnicke', 'EMP76440', 'NLE4BUR61V', '2025-01-19', '2024-12-23 15:01:24', 'Activo', '1'),
('8bbffbde-3718-4d70-b338-e461f00de51b', '2b5cd486-0f7e-42b4-8639-069805f3bfd3', 'Darryl', 'Duigenan', 'EMP70077', '1Z25KFTME', '2024-09-10', '2024-05-08 14:31:51', 'Activo', '1'),
('8da36697-3a7b-4cb1-9cbb-2a1617bd0a92', '2aed7d31-063b-44c2-a701-f5942a9cdd26', 'Lind', 'Roser', 'EMP98602', '8EY7V15V4LF7', '2024-08-08', '2024-04-21 23:29:21', 'Inactivo', '1'),
('933f6523-d4f3-48f7-b641-26d55cb315c3', 'ca16ef2d-a05c-47c5-9f17-a175953a14fd', 'Welch', 'Nowland', 'EMP29636', 'BR', '2024-04-30', '2024-12-26 09:34:40', 'Activo', '1'),
('956a9e8b-aa81-4159-8f36-3f289533505c', '949884d3-74ee-451c-ad4b-41d5c3642c2d', 'Georgie', 'Beardwood', 'EMP01068', 'MSODOZ12PJ6HY0A', '2025-03-06', '2025-02-27 23:54:13', 'Inactivo', '0'),
('990b19f1-a2af-4924-afbb-da35cb602199', 'f16422aa-236f-4ee0-aa07-2b92019822cf', 'Rikki', 'Dellatorre', 'EMP45565', 'RU', '2024-11-01', '2024-08-02 14:00:35', 'Activo', '1'),
('9edf9a96-5c63-46b4-8ca4-7f0893526c9d', '87250b2f-b9c5-48a0-99d2-63d87a50fb74', 'Germain', 'Fleckney', 'EMP85984', 'VOK', '2024-07-06', '2025-01-28 04:33:21', 'Activo', '0'),
('9fba2fc0-9fd7-46b5-ac1b-7419560537fc', '4e20b545-3559-4ce1-9104-21e2bfeaa8af', 'Matthew', 'Swadling', 'EMP81083', 'D2O1P8FNBGW', '2025-01-03', '2024-07-18 22:24:32', 'Activo', '0'),
('9fe4dab6-ddcb-4fb0-89a3-91a766762294', '840ea9f3-6edc-40da-8628-252906de9b25', 'Westley', 'Hammel', 'EMP87367', 'SBXJTYCWMP6P6EX', '2024-04-28', '2025-01-08 19:40:53', 'Inactivo', '0'),
('a1282b2e-507d-41ae-8800-aef0d8a6440d', 'f54e1e81-9e23-453c-b2e8-67a32adfca4b', 'Elga', 'Rosen', 'EMP57530', '4NNFL2', '2024-09-10', '2024-12-28 19:57:34', 'Inactivo', '0'),
('a314405e-8db8-4d10-9a91-23a8fca29bec', '113f6536-dd1b-4cf4-b45d-4df40078f7ea', 'Kingston', 'Scanes', 'EMP41375', 'AUH1YTXVN0Q9XG6', '2024-12-17', '2024-08-27 19:53:22', 'Activo', '1'),
('a3502711-8f66-4e08-a503-02b217f3d231', 'e0b62006-599e-4f94-b89d-c2de7a6871b4', 'Thia', 'Challis', 'EMP39054', '8JKI2OSR3U', '2024-08-27', '2025-01-29 19:26:00', 'Activo', '1'),
('a38181a1-0b08-4c75-9d2e-a0e920495079', '03656c1f-8003-4c62-ba49-ebc9c79d7a60', 'Louisa', 'Eaton', 'EMP96688', 'NZ', '2024-12-04', '2024-06-29 05:55:55', 'Inactivo', '1'),
('a4964fb2-00cf-4dec-97b1-5a528406923b', '3cc2cc65-c6f9-499d-9903-56bbda18d545', 'Keir', 'Treharne', 'EMP14472', '9RP8PMFREJAM4N0', '2024-11-10', '2024-09-04 12:36:46', 'Activo', '0'),
('a7389784-eca0-48f2-bc30-44af8d37de0f', '3b6cf1a2-89a1-4969-a002-7bbbf46cac62', 'Wayne', 'Odom', 'EMP29332', 'ASP2GSTOW', '2025-01-14', '2024-10-25 17:10:02', 'Inactivo', '1'),
('a98db54d-be87-47af-a684-fdac9da20b63', '2e4a8ae6-d010-48b6-bd7c-cb4d853548a6', 'Linea', 'Thomtson', 'EMP59285', 'E0630QLJU', '2024-06-10', '2025-02-24 00:38:09', 'Activo', '0'),
('ac157315-2377-4c98-9618-e6ec89f2ca6e', 'c6d520a4-e4b2-4f0d-9086-ae0b00c1ea1e', 'Abbi', 'Millins', 'EMP56583', 'N8EM', '2024-11-05', '2024-06-09 14:25:25', 'Activo', '0'),
('ac5480be-0be5-4869-b582-b56f51a8f2b8', '5e1f00be-9d5d-4bd0-8a97-d54a8f3ac5db', 'Dido', 'Denial', 'EMP60067', 'NREV3R6', '2025-03-05', '2024-11-17 23:07:10', 'Inactivo', '1'),
('b211f9e6-82c4-4f80-9d86-ccee6d777580', '16bbc4b5-c29b-42f3-95a2-b05baba21856', 'Ferdinanda', 'Cradoc', 'EMP03983', 'XBXWRUVY3TW5G', '2024-07-20', '2024-08-01 04:54:02', 'Inactivo', '1'),
('b2f9480b-2090-4d6f-b622-7e6c1f29d060', '3362e701-438a-4c5f-ab11-8fef360e1d92', 'Tresa', 'Umpleby', 'EMP83860', 'Q', '2025-02-24', '2024-05-07 14:53:13', 'Activo', '0'),
('b37ddd86-4c1e-48c7-a2d7-ed9f73a27ad6', '2abf297d-4570-4313-9274-ab5f5483eedd', 'Beverlie', 'Ead', 'EMP33599', 'R4CI6', '2024-06-12', '2024-06-04 10:11:56', 'Inactivo', '1'),
('b5b64277-0b24-47e1-b3d0-6893ee666184', '9682fe54-5561-4624-ad58-f8c3fd00fa83', 'Cletis', 'Tardiff', 'EMP62943', 'HBG8', '2024-04-20', '2024-11-09 19:13:27', 'Activo', '1'),
('b69f9759-0a4c-4647-876c-2102400aeab6', 'c1ff8c6b-95d8-4473-a3b7-283a39e646d2', 'Udale', 'Stephens', 'EMP91382', '0HYM30QIP62DX', '2024-09-22', '2024-12-31 03:54:12', 'Inactivo', '1'),
('b6e7d18b-3bfc-4722-b599-e075ac0228c5', '7a6210d2-f641-41b4-a543-4f7dfdf30f9b', 'Tam', 'Cominoli', 'EMP33738', 'KPFM1A23B08KPD', '2024-09-26', '2024-05-31 22:54:06', 'Inactivo', '0'),
('c25c238a-40b6-4d33-81ca-9d9938c05dea', 'e887c6c1-6238-41da-a17a-be34a07c575b', 'Gare', 'Boland', 'EMP55240', 'J0SPON4O0', '2025-03-20', '2024-09-27 19:46:11', 'Inactivo', '0'),
('c5bab208-7061-4ace-a0e7-ed15cfbb841f', '5eb10353-2308-4016-8798-f00c10c20444', 'Luca', 'Sate', 'EMP81373', 'R7PXJW5RU6M2Y', '2025-03-02', '2024-07-13 16:13:30', 'Inactivo', '1'),
('c7a9584d-c29b-4e09-abf5-56281703eb21', 'c502a0d1-2c9d-4d98-bc71-ea1024e095d9', 'Torie', 'Storr', 'EMP23832', 'EZF7Q', '2024-11-02', '2024-07-17 15:23:52', 'Inactivo', '0'),
('ca62b845-12e5-448a-8c75-a07645b737a3', '2ae31240-d348-4ee1-ae17-08738699addb', 'Caro', 'Purchase', 'EMP00474', 'BBVH4T6D8GCAF', '2024-11-26', '2024-11-05 12:23:14', 'Inactivo', '1'),
('cc6a0529-f64c-468b-bfa1-cab0d55953c0', '89f90f23-7172-4221-9695-d3d5ecec304d', 'Ruby', 'Vina', 'EMP20077', 'KFSZXMPD7MGM3', '2024-07-12', '2024-12-03 09:39:21', 'Activo', '0'),
('cf8483e3-70e7-4215-a1fe-1c383e862bbe', 'b718874b-e3b8-4cbc-b22a-5136793562f2', 'Bebe', 'Pardew', 'EMP46631', 'D3JMVF7GI', '2024-12-22', '2024-06-02 21:06:52', 'Inactivo', '1'),
('d38e8bde-ca82-46fa-a4ee-339aed69db80', 'd23c7e9f-21e9-4665-9183-f1e643500d05', 'Cesaro', 'Rentz', 'EMP15789', 'KGG', '2024-05-19', '2024-10-26 22:06:46', 'Activo', '0'),
('d3a4a1e2-ae9c-425b-aec5-fa8c0295fa57', '8c020677-9ac9-4cd7-85b5-b1f0966fec4c', 'Lucita', 'Tantum', 'EMP96304', '4TZNLS87G6ZY', '2024-11-29', '2024-06-21 07:53:37', 'Activo', '1'),
('d3b64b22-0bb6-45f7-90fd-56044d7903dd', '05627860-c35e-4fbf-b072-2b2d57afd628', 'Darby', 'Found', 'EMP68948', 'HIKD1EUF96L', '2024-10-02', '2024-07-13 16:54:49', 'Activo', '0'),
('dfbc0a1c-1dea-4a92-9103-ecc5c81594ec', 'f2159f66-8c43-4d55-a1a6-0cc3002e9211', 'Standford', 'Wannop', 'EMP25941', '3FVEE445C9XAYDJ', '2024-09-27', '2024-08-28 04:26:43', 'Inactivo', '0'),
('e2bd64e5-a348-458f-a82e-d36a68cad347', 'b9f1f844-f3b2-4487-a127-c2793b5cd6dc', 'Waly', 'Eglaise', 'EMP54912', 'O03T59F1JFF3A13', '2024-04-28', '2024-11-08 07:36:01', 'Activo', '1'),
('e393d47c-b052-453a-ae76-aa3bca75d495', '2b35fd87-f86b-442d-a24c-9ea3814051db', 'Edwina', 'Bonifas', 'EMP81611', 'B1O1RKS5M', '2024-12-07', '2024-10-19 03:58:37', 'Inactivo', '1'),
('e3956bc7-1d70-455d-8b5e-4e2d622d1955', 'df7c2af7-506f-496e-9d4c-6bb9421d1b42', 'Tabbi', 'Staig', 'EMP19777', '1AQB1A4CRX0KU', '2024-07-27', '2025-04-01 13:00:05', 'Activo', '1'),
('e3acf4c5-24ad-4274-b503-6214e338ceff', 'a901d9fb-6e51-4252-85f2-7c9a345139c3', 'Daren', 'Bramelt', 'EMP94470', 'JOF6ZUT2P5X', '2024-10-01', '2025-03-29 22:19:31', 'Inactivo', '0'),
('e81dc661-4edc-4efd-bbbe-b243de3d4e87', '7e2b82d1-b5ba-4b4c-8f5a-f7ea820244da', 'Lindsay', 'Bryers', 'EMP06562', 'HHTIC', '2024-05-24', '2024-08-19 00:29:39', 'Activo', '1'),
('efa3b26d-213d-41d7-80fd-284c416b6cd2', '3b94ee6d-1fbb-470e-ac3c-c45cb04d3402', 'Rosamond', 'Enstone', 'EMP27131', 'I0Q4S0HKBKV', '2024-12-22', '2024-11-17 08:49:09', 'Inactivo', '0'),
('f07a0e7a-bd76-4f6e-8e22-50908277ce1f', 'cd88bc75-c40e-49ba-bcc2-90108ae69fd7', 'Homer', 'Gregoretti', 'EMP24425', 'ZQP', '2025-01-15', '2024-04-07 02:16:27', 'Activo', '1'),
('f5131897-180f-4555-bb3f-3c00faf8b45c', '2252d60a-783e-412c-bd7d-ccfc4f0a5481', 'Raffaello', 'Jedrzejewsky', 'EMP89519', '0', '2024-07-08', '2024-07-03 08:44:12', 'Inactivo', '0'),
('f897a39b-9796-47e0-988f-4650c2d4183c', '4b0cd855-ce42-4324-90fb-15e8767c69dd', 'Nahum', 'Kalewe', 'EMP12015', 'RULW9ARFLK6258', '2025-03-03', '2024-04-14 11:28:58', 'Inactivo', '0'),
('f8cdc1f1-7d36-4ce0-955f-885805786936', '55a77a8f-3795-4b02-8748-9a0303e3388f', 'Joline', 'Youngman', 'EMP27397', 'RP', '2024-05-19', '2024-06-25 16:38:39', 'Activo', '1');


-- fabricate-flush


INSERT INTO "route" ("id", "origin", "destination", "distance", "created_at", "status", "is_deleted") VALUES
('00ceedaa-6e6b-4865-8bd7-54bb5aec80c9', '6308 Naples Place, Charlottesville, Virginia, United States, 22908', '6308 Naples Place, Charlottesville, Virginia, United States, 22908', '632', '2024-10-02 13:59:58', 'Activo', '1'),
('0342fd86-eb31-4a71-8b94-f032b0e2783b', '11392 Rothway Court, Columbia, Missouri, United States, 65211', '11392 Rothway Court, Columbia, Missouri, United States, 65211', '723', '2024-05-27 07:43:14', 'Activo', '1'),
('037680f5-5404-4965-96ba-b5e5ac61f4e8', '10646 Marja Street, Battle Creek, Michigan, United States, 49018', '10646 Marja Street, Battle Creek, Michigan, United States, 49018', '614', '2024-05-17 20:24:05', 'Inactivo', '0'),
('06090371-df71-4acd-90fb-c64901e9350f', '4039 Holder Way, Dallas, Texas, United States, 75221', '4039 Holder Way, Dallas, Texas, United States, 75221', '65', '2024-11-06 11:28:51', 'Activo', '0'),
('0a9d3078-1727-4279-84a2-511124b1d631', '9796 Neilson Court, New York City, New York, United States, 10039', '9796 Neilson Court, New York City, New York, United States, 10039', '450', '2024-08-06 11:08:18', 'Activo', '1'),
('0afd61b4-9e40-4c31-b195-55024428b999', '13371 Andrus Lane, Longview, Texas, United States, 75605', '13371 Andrus Lane, Longview, Texas, United States, 75605', '408', '2024-04-25 15:05:49', 'Inactivo', '0'),
('0be73e18-9616-49dd-996e-04c9c62a4565', '8265 Cosentino Court, Chicago, Illinois, United States, 60636', '8265 Cosentino Court, Chicago, Illinois, United States, 60636', '406', '2025-03-12 08:56:08', 'Activo', '0'),
('0f906708-d1b9-4f9b-bcfa-3430ebd823f5', '12596 Sander Street, Saint Augustine, Florida, United States, 32092', '12596 Sander Street, Saint Augustine, Florida, United States, 32092', '625', '2025-02-20 00:19:50', 'Inactivo', '1'),
('0fe0d7e2-d468-4d7e-9fa8-d33fbe045b2d', '9185 Combs Court, Dayton, Ohio, United States, 45426', '9185 Combs Court, Dayton, Ohio, United States, 45426', '176', '2024-06-18 19:34:19', 'Activo', '0'),
('1305d3bc-4bc2-4c72-9609-5256cc11226f', '9882 Ventura Drive, Wichita Falls, Texas, United States, 76305', '9882 Ventura Drive, Wichita Falls, Texas, United States, 76305', '769', '2025-03-28 08:44:53', 'Activo', '0'),
('15bbb9e5-578a-4303-bcea-6b0c7c378e9c', '12451 Abercrombie Way, Providence, Rhode Island, United States, 02912', '12451 Abercrombie Way, Providence, Rhode Island, United States, 02912', '995', '2025-03-03 13:31:53', 'Activo', '0'),
('18dc5919-d91f-465d-9772-60563a0b8914', '403 La Quinta Place, Kansas City, Missouri, United States, 64125', '403 La Quinta Place, Kansas City, Missouri, United States, 64125', '408', '2024-06-18 01:40:45', 'Inactivo', '0'),
('1a02c673-7131-4a15-877f-eaee307b2328', '8379 Hartford Lane, Charlotte, North Carolina, United States, 28210', '8379 Hartford Lane, Charlotte, North Carolina, United States, 28210', '733', '2024-05-22 05:13:25', 'Activo', '1'),
('1b77dd11-b3ee-4b16-87a1-c1e7bb454531', '11574 Red Bank Road, Orange, California, United States, 92867', '11574 Red Bank Road, Orange, California, United States, 92867', '13', '2025-02-03 08:13:29', 'Inactivo', '0'),
('1e8cbe2d-371b-46f9-b554-f8eb879a8dff', '1959 Sassafras Court, Apache Junction, Arizona, United States, 85219', '1959 Sassafras Court, Apache Junction, Arizona, United States, 85219', '461', '2024-04-24 20:30:31', 'Activo', '1'),
('1e940da9-2932-4866-b4c7-30d3d4a9e244', '5924 Egret Court, Albany, New York, United States, 12262', '5924 Egret Court, Albany, New York, United States, 12262', '996', '2024-04-13 16:05:24', 'Activo', '0'),
('21955fb6-8ba6-41f5-b679-e852fd9c93ad', '4225 Glade Run, Hollywood, Florida, United States, 33023', '4225 Glade Run, Hollywood, Florida, United States, 33023', '978', '2024-04-18 12:30:41', 'Activo', '0'),
('26983a74-1ae1-4518-bba0-fa8a7e0b2068', '6357 Nicksic Court, Houston, Texas, United States, 77070', '6357 Nicksic Court, Houston, Texas, United States, 77070', '904', '2025-03-19 17:20:24', 'Inactivo', '1'),
('2c682ff3-8d79-4283-bdb9-10e3c9efa98d', '12230 Meadowlark Avenue, Chula Vista, California, United States, 91913', '12230 Meadowlark Avenue, Chula Vista, California, United States, 91913', '391', '2024-12-13 07:31:49', 'Activo', '0'),
('2ee3edec-3b9a-4292-90a1-b69062d124e0', '11775 Norfolk Avenue, Houston, Texas, United States, 77005', '11775 Norfolk Avenue, Houston, Texas, United States, 77005', '285', '2024-08-05 13:46:46', 'Inactivo', '1'),
('31314e4d-71ac-4427-8c6c-3474018e65e0', '2520 Smith Place, Dallas, Texas, United States, 75379', '2520 Smith Place, Dallas, Texas, United States, 75379', '186', '2024-12-04 03:38:46', 'Activo', '0'),
('32210b2c-d9af-41e6-9f85-3294014a4b26', '13951 Ashley Street, Tucson, Arizona, United States, 85710', '13951 Ashley Street, Tucson, Arizona, United States, 85710', '912', '2024-06-11 15:56:21', 'Activo', '0'),
('3485e0d1-8439-4bf1-abe3-0537b9a8adae', '710 Evinston Court, Pittsburgh, Pennsylvania, United States, 15215', '710 Evinston Court, Pittsburgh, Pennsylvania, United States, 15215', '421', '2024-12-22 23:21:54', 'Activo', '0'),
('37fd0a19-d312-4ae0-91b1-3acb34818558', '10697 Logan Street, Warren, Ohio, United States, 44485', '10697 Logan Street, Warren, Ohio, United States, 44485', '476', '2024-08-31 15:12:07', 'Activo', '0'),
('3f30c49d-78f0-4d13-9ffd-22a47573b036', '7986 Contreras Lane, Las Vegas, Nevada, United States, 89115', '7986 Contreras Lane, Las Vegas, Nevada, United States, 89115', '220', '2024-11-15 11:07:24', 'Inactivo', '0'),
('450419da-804a-471f-b855-7dea6b73f449', '5565 Alcott Avenue, Norfolk, Virginia, United States, 23551', '5565 Alcott Avenue, Norfolk, Virginia, United States, 23551', '892', '2024-11-23 16:58:32', 'Inactivo', '1'),
('468f1874-50b0-4e73-8b1e-888a6a7461ff', '7904 Cascade Court, Cape Coral, Florida, United States, 33915', '7904 Cascade Court, Cape Coral, Florida, United States, 33915', '580', '2025-01-06 09:18:58', 'Inactivo', '0'),
('48c25daa-5897-4238-8c27-7b45cf092f2f', '5575 Carvello Drive, New Orleans, Louisiana, United States, 70179', '5575 Carvello Drive, New Orleans, Louisiana, United States, 70179', '65', '2024-04-14 05:41:30', 'Activo', '1'),
('498b85f4-78cd-40ad-bbd3-13387172e953', '1511 Bradley Terrace, Indianapolis, Indiana, United States, 46247', '1511 Bradley Terrace, Indianapolis, Indiana, United States, 46247', '756', '2024-12-03 21:39:38', 'Activo', '0'),
('4db0f00b-e57a-462c-b4ab-b04483cdd17e', '7354 Abbey Way, Spartanburg, South Carolina, United States, 29305', '7354 Abbey Way, Spartanburg, South Carolina, United States, 29305', '485', '2024-04-30 15:10:07', 'Activo', '1'),
('5152c333-06ca-4a74-ba04-93a0e34fda46', '5992 Lorelei Lane, Sacramento, California, United States, 94273', '5992 Lorelei Lane, Sacramento, California, United States, 94273', '911', '2024-05-01 19:30:57', 'Activo', '1'),
('54ef7691-e84c-49ee-8857-9600bbadd56e', '11732 Percival Way, Indianapolis, Indiana, United States, 46239', '11732 Percival Way, Indianapolis, Indiana, United States, 46239', '124', '2025-02-22 16:11:08', 'Activo', '0'),
('58adce42-732c-4fd8-8ca1-9b18557ec303', '11003 Cole Place, Virginia Beach, Virginia, United States, 23454', '11003 Cole Place, Virginia Beach, Virginia, United States, 23454', '800', '2024-06-03 02:41:26', 'Activo', '0'),
('5b01dfdb-4f53-4afb-846d-a476c76965ee', '2507 Childers Road, Colorado Springs, Colorado, United States, 80920', '2507 Childers Road, Colorado Springs, Colorado, United States, 80920', '729', '2024-12-27 13:16:55', 'Inactivo', '0'),
('60e9fdd2-e81c-4a79-ac8d-0a0ec085ccb7', '9672 Kauska Way, Winston Salem, North Carolina, United States, 27105', '9672 Kauska Way, Winston Salem, North Carolina, United States, 27105', '26', '2024-06-30 16:37:54', 'Activo', '0'),
('66914cff-a62b-4385-adbc-92b629bbba2b', '14094 Sapphire Place, Jacksonville, Florida, United States, 32255', '14094 Sapphire Place, Jacksonville, Florida, United States, 32255', '131', '2024-12-30 04:25:40', 'Inactivo', '0'),
('6835b0ef-e332-4132-8c4f-cddb63eaf158', '1273 Trabucco Terrace, Paterson, New Jersey, United States, 07544', '1273 Trabucco Terrace, Paterson, New Jersey, United States, 07544', '876', '2024-11-22 00:45:10', 'Activo', '0'),
('68cff0da-6da5-4b36-84c5-1ba9e68576f3', '13666 Bando Lane, Manchester, New Hampshire, United States, 03105', '13666 Bando Lane, Manchester, New Hampshire, United States, 03105', '579', '2024-05-10 18:06:24', 'Inactivo', '0'),
('6f4eafdf-df37-49a7-9e46-d6a89c8547bb', '10359 Clay Terrace, Annapolis, Maryland, United States, 21405', '10359 Clay Terrace, Annapolis, Maryland, United States, 21405', '457', '2024-10-26 18:43:16', 'Activo', '1'),
('6fae33b4-c6ca-4f7d-a639-1654bdb619a4', '14108 Amelia Avenue, Jamaica, New York, United States, 11470', '14108 Amelia Avenue, Jamaica, New York, United States, 11470', '678', '2024-07-28 10:16:20', 'Activo', '1'),
('6fc0bd33-1536-4753-ad6b-a8d374b559bd', '13718 Kate Court, Killeen, Texas, United States, 76544', '13718 Kate Court, Killeen, Texas, United States, 76544', '751', '2024-10-23 23:18:39', 'Activo', '1'),
('7148d1cd-f841-44e2-8228-3f86c0dec6ba', '8682 Viking Place, Orlando, Florida, United States, 32868', '8682 Viking Place, Orlando, Florida, United States, 32868', '998', '2024-06-11 01:38:35', 'Inactivo', '1'),
('74d10b64-e2e6-4b55-91c5-c6befdb05981', '2329 Willow Grove Way, Jackson, Mississippi, United States, 39210', '2329 Willow Grove Way, Jackson, Mississippi, United States, 39210', '708', '2024-11-12 04:13:45', 'Activo', '1'),
('74fb2a13-79c6-4ca9-a771-fd506d22d110', '1443 Marlin Place, Jamaica, New York, United States, 11431', '1443 Marlin Place, Jamaica, New York, United States, 11431', '371', '2024-04-09 15:54:31', 'Activo', '0'),
('7847be86-85ba-4256-9892-6391235b98b6', '13682 DAlessandro Road, Wichita, Kansas, United States, 67230', '13682 DAlessandro Road, Wichita, Kansas, United States, 67230', '787', '2024-04-09 23:54:30', 'Inactivo', '0'),
('78a9e94d-b478-4518-a991-65ffb71302f9', '9696 Umland Lane, New Hyde Park, New York, United States, 11044', '9696 Umland Lane, New Hyde Park, New York, United States, 11044', '982', '2024-04-27 07:59:17', 'Activo', '0'),
('7e99d328-4410-492d-a0ee-1cfd6687d32e', '6806 Santa Anna Lane, Hampton, Virginia, United States, 23663', '6806 Santa Anna Lane, Hampton, Virginia, United States, 23663', '552', '2024-06-06 11:48:24', 'Activo', '0'),
('7f0ec2a6-4d83-4f5b-82a3-a9bdffb35533', '909 Venable Court, Hialeah, Florida, United States, 33013', '909 Venable Court, Hialeah, Florida, United States, 33013', '882', '2024-09-16 06:34:34', 'Activo', '0'),
('83c4dfc0-0c5c-449b-ad9a-7d9496f87580', '6500 Ramsbury Court, Philadelphia, Pennsylvania, United States, 19160', '6500 Ramsbury Court, Philadelphia, Pennsylvania, United States, 19160', '79', '2025-03-13 09:56:54', 'Activo', '1'),
('83e3b9c8-8e33-46c1-a202-27dfd6a2ce68', '11970 Salley Avenue, Waco, Texas, United States, 76705', '11970 Salley Avenue, Waco, Texas, United States, 76705', '477', '2024-11-14 22:13:32', 'Activo', '0'),
('8490f605-72c9-4f83-940f-84f0aa0ec61c', '6074 Dressendorfer Drive, Temple, Texas, United States, 76505', '6074 Dressendorfer Drive, Temple, Texas, United States, 76505', '826', '2025-03-29 00:42:08', 'Activo', '0'),
('88bea9b2-a47f-4da7-a7ea-3095407d15af', '1711 Quill Avenue, Austin, Texas, United States, 78726', '1711 Quill Avenue, Austin, Texas, United States, 78726', '214', '2024-11-01 06:51:58', 'Inactivo', '1'),
('89f32e3d-6c7e-4db8-9aa3-47720afb31a4', '10562 Natalie Lane, Mountain View, California, United States, 94042', '10562 Natalie Lane, Mountain View, California, United States, 94042', '129', '2024-12-06 00:09:53', 'Activo', '1'),
('8a2fbab6-b501-4d2f-9184-580ff2c1574d', '4461 Dragon Place, Memphis, Tennessee, United States, 38168', '4461 Dragon Place, Memphis, Tennessee, United States, 38168', '6', '2024-12-29 17:00:12', 'Inactivo', '1'),
('8a3b7b45-d767-4521-ade1-b3d80ce45d02', '4315 Pageland Way, Wilkes Barre, Pennsylvania, United States, 18763', '4315 Pageland Way, Wilkes Barre, Pennsylvania, United States, 18763', '717', '2024-05-26 11:55:56', 'Activo', '1'),
('8ed0b5d1-9943-459d-b1e9-6f6046fbc92c', '11329 Dijulio Terrace, Sioux Falls, South Dakota, United States, 57198', '11329 Dijulio Terrace, Sioux Falls, South Dakota, United States, 57198', '963', '2024-11-21 16:38:00', 'Inactivo', '0'),
('90ae762b-3e4a-42b3-953d-3e5d72fa72db', '13009 Urbane Place, Topeka, Kansas, United States, 66667', '13009 Urbane Place, Topeka, Kansas, United States, 66667', '453', '2025-03-22 04:02:39', 'Inactivo', '0'),
('919a9f5d-0f93-4b16-9e97-fd7a0a6f49fc', '8981 Edgefield Drive, Tyler, Texas, United States, 75710', '8981 Edgefield Drive, Tyler, Texas, United States, 75710', '765', '2024-06-07 04:30:12', 'Inactivo', '1'),
('92fef1d7-d9ff-41a2-ad52-b45966b8297e', '7388 Little Lane, Evansville, Indiana, United States, 47737', '7388 Little Lane, Evansville, Indiana, United States, 47737', '659', '2024-08-04 23:35:59', 'Activo', '0'),
('9aecb46e-f30f-4645-9322-70ba81281b3f', '8869 Means Lane, Norfolk, Virginia, United States, 23514', '8869 Means Lane, Norfolk, Virginia, United States, 23514', '803', '2025-03-22 16:31:30', 'Inactivo', '1'),
('a3349bd5-75dd-4152-ac6f-57ba5cba7ef8', '6377 Demarco Drive, Wichita, Kansas, United States, 67260', '6377 Demarco Drive, Wichita, Kansas, United States, 67260', '149', '2024-05-13 15:40:20', 'Activo', '1'),
('a64fbfd6-2cb5-4176-95e6-30438b4874e3', '203 Mareno Court, Englewood, Colorado, United States, 80150', '203 Mareno Court, Englewood, Colorado, United States, 80150', '653', '2024-10-29 11:16:06', 'Activo', '0'),
('a7339ca7-804d-47f7-90f6-424e4ede0aee', '2110 Laufersky Lane, New Haven, Connecticut, United States, 06533', '2110 Laufersky Lane, New Haven, Connecticut, United States, 06533', '136', '2024-04-20 02:38:37', 'Inactivo', '0'),
('aa459104-efc1-4fc1-a3fe-e659528ba7fe', '3501 Inkwood Lane, Wilmington, Delaware, United States, 19897', '3501 Inkwood Lane, Wilmington, Delaware, United States, 19897', '545', '2024-06-22 21:30:54', 'Activo', '1'),
('aaa91556-d9d4-4582-9f74-b0ba11bcf086', '2693 Rogers Road, Miami, Florida, United States, 33142', '2693 Rogers Road, Miami, Florida, United States, 33142', '927', '2024-09-21 06:44:12', 'Inactivo', '0'),
('ab070bd7-1731-457a-a52d-495157b27f43', '3811 Ortez Lane, San Diego, California, United States, 92176', '3811 Ortez Lane, San Diego, California, United States, 92176', '123', '2024-09-29 18:23:20', 'Activo', '1'),
('abb1df06-fc99-4661-b837-7927272960fb', '4304 Harston Trail, Portland, Oregon, United States, 97216', '4304 Harston Trail, Portland, Oregon, United States, 97216', '901', '2024-05-07 13:33:35', 'Inactivo', '1'),
('af485f23-6665-41b7-86c5-bfd4efcb40ed', '13706 Carriage Court, Fort Lauderdale, Florida, United States, 33315', '13706 Carriage Court, Fort Lauderdale, Florida, United States, 33315', '125', '2024-09-25 09:25:27', 'Inactivo', '1'),
('af626331-3c64-4df3-8423-124fbc8d2bff', '7311 Blake Lane, Colorado Springs, Colorado, United States, 80925', '7311 Blake Lane, Colorado Springs, Colorado, United States, 80925', '358', '2024-08-31 08:21:54', 'Inactivo', '0'),
('b12dfd34-b57e-40a8-9ba6-eb9b5a6c1799', '8293 Underbrush Trail, Toledo, Ohio, United States, 43610', '8293 Underbrush Trail, Toledo, Ohio, United States, 43610', '665', '2024-05-19 23:09:00', 'Activo', '0'),
('bcc23d8e-2f75-4742-bdc0-959b28201e78', '14533 Pigeon Place, Little Rock, Arkansas, United States, 72204', '14533 Pigeon Place, Little Rock, Arkansas, United States, 72204', '640', '2025-01-06 12:15:41', 'Inactivo', '1'),
('c2671abe-a78f-4158-b726-517895b00a34', '739 Chilton Court, Chicago, Illinois, United States, 60630', '739 Chilton Court, Chicago, Illinois, United States, 60630', '298', '2024-10-05 22:18:35', 'Inactivo', '0'),
('c286645a-2ce8-48fc-9c6f-25f01d643745', '2139 Kingston Way, Seattle, Washington, United States, 98185', '2139 Kingston Way, Seattle, Washington, United States, 98185', '982', '2024-07-29 20:36:45', 'Activo', '0'),
('c53b72ea-b053-409a-91e0-fdb0c68039bb', '9694 Redbud Lane, Detroit, Michigan, United States, 48224', '9694 Redbud Lane, Detroit, Michigan, United States, 48224', '52', '2024-06-25 17:33:20', 'Activo', '1'),
('c5f45f84-5c0b-47ef-af3b-f8ada99a7d8d', '4917 Sanchez Court, Atlanta, Georgia, United States, 30392', '4917 Sanchez Court, Atlanta, Georgia, United States, 30392', '921', '2024-05-04 12:50:06', 'Activo', '0'),
('c6c72fa0-591b-44bf-b006-7dc8e1a73a31', '6717 Beth Road, Monroe, Louisiana, United States, 71213', '6717 Beth Road, Monroe, Louisiana, United States, 71213', '979', '2024-10-19 23:27:58', 'Activo', '0'),
('c71c982b-aee5-49da-9654-193651c6cc39', '11962 Palermo Place, Jackson, Mississippi, United States, 39296', '11962 Palermo Place, Jackson, Mississippi, United States, 39296', '642', '2024-09-11 21:00:36', 'Inactivo', '0'),
('c787c7b2-6005-4c62-9cca-f994301be750', '11166 Iron Wood Lane, Tucson, Arizona, United States, 85732', '11166 Iron Wood Lane, Tucson, Arizona, United States, 85732', '534', '2025-03-13 13:20:25', 'Inactivo', '0'),
('c7b626a4-6cf4-4f26-87e9-7bdf2cad6638', '13646 Arnsworth Avenue, Birmingham, Alabama, United States, 35225', '13646 Arnsworth Avenue, Birmingham, Alabama, United States, 35225', '160', '2025-03-05 07:39:43', 'Inactivo', '0'),
('c7de1302-721f-4b36-9d01-0b5aa7bafbbb', '108 Hartford Path, Stockton, California, United States, 95210', '108 Hartford Path, Stockton, California, United States, 95210', '358', '2024-11-10 04:44:06', 'Inactivo', '0'),
('cbb6e735-4d9c-49b6-8fd6-6b5f7cbdc394', '14358 Mccabe Street, Ocala, Florida, United States, 34479', '14358 Mccabe Street, Ocala, Florida, United States, 34479', '731', '2024-07-12 09:10:21', 'Inactivo', '0'),
('cd4266df-3077-4458-a169-01de93610c2e', '14004 Chilton Court, Fort Wayne, Indiana, United States, 46867', '14004 Chilton Court, Fort Wayne, Indiana, United States, 46867', '297', '2025-01-27 18:44:12', 'Activo', '0'),
('d5398962-0f83-42e7-829e-b0a3a15fb396', '10261 O''Hara Court, Cincinnati, Ohio, United States, 45271', '10261 O''Hara Court, Cincinnati, Ohio, United States, 45271', '549', '2025-01-31 04:49:28', 'Inactivo', '0'),
('d6112483-b8ee-4f76-a00d-204101d7113f', '3584 Kingston Way, San Jose, California, United States, 95133', '3584 Kingston Way, San Jose, California, United States, 95133', '20', '2024-10-05 19:13:14', 'Activo', '0'),
('d8daa637-e7fc-45ed-a2ac-bd70880b82f0', '12110 Quail Hollow Court, Memphis, Tennessee, United States, 38161', '12110 Quail Hollow Court, Memphis, Tennessee, United States, 38161', '769', '2024-09-11 14:50:08', 'Inactivo', '1'),
('d9439806-af38-4b2d-9527-4da9775a256d', '12252 Ardson Avenue, Austin, Texas, United States, 78737', '12252 Ardson Avenue, Austin, Texas, United States, 78737', '974', '2024-06-03 04:42:13', 'Inactivo', '0'),
('d9cf78c5-28ec-4959-9707-0a65ac8626c3', '2539 Triggerfish Run, Detroit, Michigan, United States, 48232', '2539 Triggerfish Run, Detroit, Michigan, United States, 48232', '861', '2025-02-13 07:13:13', 'Activo', '0'),
('ddb88c65-d24c-497d-a421-a0880a26548c', '2886 Embrook Street, Louisville, Kentucky, United States, 40220', '2886 Embrook Street, Louisville, Kentucky, United States, 40220', '794', '2024-08-26 17:57:40', 'Activo', '1'),
('dffbd781-5af3-4278-8c42-72fe0170a0cc', '11545 Yardley Court, Huntsville, Alabama, United States, 35805', '11545 Yardley Court, Huntsville, Alabama, United States, 35805', '278', '2024-05-14 08:26:26', 'Inactivo', '0'),
('e42e7728-99ec-4b2f-971d-ddf811d5d3ba', '3799 Cheltenham Court, Colorado Springs, Colorado, United States, 80940', '3799 Cheltenham Court, Colorado Springs, Colorado, United States, 80940', '632', '2025-03-02 04:38:32', 'Activo', '1'),
('e93b6e72-efe6-47e1-b0ac-3dd84519da5a', '13358 Abbeville Loop, Phoenix, Arizona, United States, 85062', '13358 Abbeville Loop, Phoenix, Arizona, United States, 85062', '879', '2024-10-10 14:37:00', 'Inactivo', '0'),
('eaf522a9-5d55-4cb9-ac40-8f6d3da14d09', '14895 Sanibel Court, Jamaica, New York, United States, 11470', '14895 Sanibel Court, Jamaica, New York, United States, 11470', '200', '2024-10-09 04:26:09', 'Activo', '0'),
('eee5076d-1ebd-4fe5-ad55-9730c7bac6c1', '3675 Quarter Terrace, Bloomington, Indiana, United States, 47405', '3675 Quarter Terrace, Bloomington, Indiana, United States, 47405', '573', '2024-08-11 00:40:39', 'Activo', '1'),
('f051be94-3364-400f-9b50-412f8f1367e3', '5870 Badger Street, Des Moines, Iowa, United States, 50981', '5870 Badger Street, Des Moines, Iowa, United States, 50981', '783', '2024-07-31 04:53:53', 'Activo', '1'),
('f155b3ef-2f33-4fea-95cf-3f97fc1d885c', '5330 Briarcliffe Court, Cincinnati, Ohio, United States, 45203', '5330 Briarcliffe Court, Cincinnati, Ohio, United States, 45203', '96', '2024-10-03 18:45:17', 'Activo', '0'),
('f1d9c7fe-bd02-403a-8a0c-466c1828af3e', '3839 Tweedle Terrace, Jacksonville, Florida, United States, 32204', '3839 Tweedle Terrace, Jacksonville, Florida, United States, 32204', '886', '2025-02-10 17:55:20', 'Inactivo', '1'),
('f5dbb520-c93b-44be-8f68-1e671c4e6d50', '615 Duke Terrace, Orlando, Florida, United States, 32891', '615 Duke Terrace, Orlando, Florida, United States, 32891', '661', '2025-02-16 15:58:58', 'Inactivo', '0'),
('f76ca955-205d-4a60-91ae-9f980e04125d', '5373 Gold Place, Oakland, California, United States, 94611', '5373 Gold Place, Oakland, California, United States, 94611', '526', '2024-07-04 01:41:16', 'Activo', '0'),
('fc12bfdd-291b-4d46-a47d-89372a55f91f', '464 Montbrook Place, San Jose, California, United States, 95113', '464 Montbrook Place, San Jose, California, United States, 95113', '922', '2024-11-24 15:11:10', 'Activo', '1'),
('fd60acba-4a16-4d5c-859e-b56359090444', '14855 Rayma Place, New York City, New York, United States, 10131', '14855 Rayma Place, New York City, New York, United States, 10131', '457', '2025-03-11 07:51:00', 'Activo', '0');


-- fabricate-flush


INSERT INTO "trip" ("id", "driver_id", "vehicle_id", "route_id", "cargo_type_id", "date", "departure_time", "arrival_time", "passenger_count", "state", "created_at", "is_deleted") VALUES
('4d4cae03-1012-4e11-8e98-4c0068ed09ee', '1a1e9d99-dfc3-4adb-9a01-be7802d63b9b', 'dc9a87da-f492-4999-be7f-d48cabf63e9e', 'd8daa637-e7fc-45ed-a2ac-bd70880b82f0', '5f18b769-8dfe-4bb0-b097-388144624cf9', '2025-01-23', '10:30', '10:30', '326', 'PENDIENTE', '2025-02-04 02:39:31', '0'),
('6e395ac4-b6d7-47df-bd65-d674d12933aa', '472b195b-cc96-49a8-ba46-50df57542ccf', '7b2a775b-2695-4564-9ec1-2e06a6d07c70', '9aecb46e-f30f-4645-9322-70ba81281b3f', '4dad34b2-ffb4-4154-9d52-37f63f5acd50', '2024-05-29', '11:30', '11:30', '398', 'PENDIENTE', '2024-06-22 05:50:08', '1'),
('ffbeb426-f150-4d96-a406-d9604c26320c', '9fe4dab6-ddcb-4fb0-89a3-91a766762294', '091b03e8-4533-4704-b192-0bd164971fff', 'b12dfd34-b57e-40a8-9ba6-eb9b5a6c1799', '241450e2-74f9-45a5-8150-0a47af13e47d', '2025-02-14', '16:15', '16:15', '860', 'CARGA_ENTREGADA', '2024-06-28 00:02:30', '0'),
('21755cb4-387c-4e0b-8243-b952175ed36b', 'dfbc0a1c-1dea-4a92-9103-ecc5c81594ec', 'e2bb2924-edb9-440d-8e56-36ee7ff316f0', '31314e4d-71ac-4427-8c6c-3474018e65e0', '70333207-2625-4aa9-aca7-3bf1aff5b898', '2024-08-30', '13:00', '13:00', '342', 'EN_CAMINO_AL_ORIGEN', '2024-09-08 23:42:35', '1'),
('c6648df3-efa2-42ce-aa3c-f1b16248771f', '562c6458-78fe-4f7d-af81-5b9c0f66c774', 'c4f17b9d-c987-46d4-b480-f44db30095bc', '1e8cbe2d-371b-46f9-b554-f8eb879a8dff', 'ffd0836a-8467-4bf1-aefd-e2d4e44f238c', '2024-09-11', '20:30', '20:30', '371', 'EN_CAMINO_AL_DESTINO', '2024-10-04 20:56:05', '0'),
('f18680b1-8214-4fd0-8392-373da9ebc20f', '55c14534-a859-4f04-9f35-7abb59fa1be1', '8377c683-d5b3-4e11-96db-cbfdc117eccf', '8a2fbab6-b501-4d2f-9184-580ff2c1574d', 'cde71974-a748-415d-b308-037dca590708', '2024-06-18', '17:15', '17:15', '73', 'CARGA_ENTREGADA', '2024-05-12 17:38:15', '0'),
('bfc1e4db-29c3-4846-8789-5d68a491264a', '59a61f9a-1f67-4a90-8a90-1755aca64560', '0c111fd4-7770-4be9-808b-a4d9b255da53', '5b01dfdb-4f53-4afb-846d-a476c76965ee', '6437b6b3-b98d-482d-8f7d-ba0b0a51ef1e', '2024-05-24', '06:00', '06:00', '616', 'EN_CAMINO_AL_DESTINO', '2024-04-27 12:38:29', '1'),
('ae2cb8a7-fa02-4dcd-ba53-9c9df681f8c6', 'a1282b2e-507d-41ae-8800-aef0d8a6440d', 'e79dacbd-3564-44b9-9474-a32e0c4f8579', '1a02c673-7131-4a15-877f-eaee307b2328', '81a08a87-8644-4703-b852-b0a528939ea0', '2024-11-25', '07:00', '07:00', '825', 'PENDIENTE', '2024-12-13 02:47:48', '1'),
('8ea79738-dcf1-47d6-987f-306faf66c74a', 'd38e8bde-ca82-46fa-a4ee-339aed69db80', 'dad1267b-4097-4c7c-afde-2d9ebfaaf392', '0be73e18-9616-49dd-996e-04c9c62a4565', 'c3a45879-0d29-4739-9d3a-880193ecaa16', '2024-08-22', '20:00', '20:00', '289', 'CARGA_ENTREGADA', '2024-08-24 17:48:27', '0'),
('b092bda0-83bb-4d10-9bbf-eee474480a31', 'b211f9e6-82c4-4f80-9d86-ccee6d777580', '0e77db38-89a9-4234-995b-a856a7816c3c', 'f5dbb520-c93b-44be-8f68-1e671c4e6d50', '6a241f3a-412f-4561-a066-14dc4e1cf6bb', '2025-01-31', '07:00', '07:00', '221', 'CARGA_ENTREGADA', '2024-05-01 05:56:02', '0'),
('498d3d16-3171-426a-8f30-6d03099b0bc2', '12160f9c-9906-475d-a170-b803a383abe0', '25d1ec4a-cd37-445a-80a5-949d45c30c48', '0342fd86-eb31-4a71-8b94-f032b0e2783b', '241450e2-74f9-45a5-8150-0a47af13e47d', '2024-06-09', '15:30', '15:30', '576', 'EN_CAMINO_AL_DESTINO', '2024-05-31 08:44:44', '0'),
('4e79985a-85e5-4827-96b3-b5522a3203e4', 'a7389784-eca0-48f2-bc30-44af8d37de0f', '52917622-fa13-47d5-b097-4c95bca6765a', '18dc5919-d91f-465d-9772-60563a0b8914', '6437b6b3-b98d-482d-8f7d-ba0b0a51ef1e', '2024-11-30', '20:30', '20:30', '702', 'FINALIZADO', '2024-06-18 15:34:04', '1'),
('4eb76c0d-6401-47b0-a0d4-6616799065ab', '8b610106-f31d-405e-a7c1-81c1e8dfd150', '626eb539-4a8c-4500-94a4-087623687100', '32210b2c-d9af-41e6-9f85-3294014a4b26', '81a08a87-8644-4703-b852-b0a528939ea0', '2024-09-02', '10:15', '10:15', '122', 'FINALIZADO', '2024-07-21 04:04:39', '0'),
('598da5c7-5b7c-461b-a599-edfb3f61ceb6', '2546ce56-508b-4f93-907b-2ce76295ff26', 'af148355-c6f5-476f-8fbf-6a2be524afd1', 'f76ca955-205d-4a60-91ae-9f980e04125d', '4dad34b2-ffb4-4154-9d52-37f63f5acd50', '2024-05-18', '21:15', '21:15', '710', 'EN_CAMINO_AL_ORIGEN', '2024-09-09 06:28:01', '0'),
('4c14d548-ca6b-4ef0-91f6-d545d19aa374', 'cf8483e3-70e7-4215-a1fe-1c383e862bbe', '984c62fb-bb25-4849-8798-0a91033e54a4', '6835b0ef-e332-4132-8c4f-cddb63eaf158', 'ffd0836a-8467-4bf1-aefd-e2d4e44f238c', '2025-03-06', '18:00', '18:00', '451', 'FINALIZADO', '2024-10-13 14:08:57', '1'),
('7c44d7be-6c00-4542-81b6-e8326ac620fc', '4133e296-7fed-4256-ba57-2cf8e7dea194', '10155561-791b-415e-8c4f-c31079ebb7ad', 'c5f45f84-5c0b-47ef-af3b-f8ada99a7d8d', '5f18b769-8dfe-4bb0-b097-388144624cf9', '2024-05-06', '18:45', '18:45', '51', 'PENDIENTE', '2024-06-01 13:05:03', '1'),
('4c6f804e-c342-4b4a-a9d6-bd9e0d839e97', 'f07a0e7a-bd76-4f6e-8e22-50908277ce1f', '8cba2f69-1b4b-452d-8ad6-036ad10a6133', '1305d3bc-4bc2-4c72-9609-5256cc11226f', 'c3a45879-0d29-4739-9d3a-880193ecaa16', '2024-05-26', '19:45', '19:45', '909', 'EN_CAMINO_AL_DESTINO', '2024-11-22 05:10:31', '1'),
('132db00f-78d2-4290-9647-3e30f29693bf', '46d2012b-d348-4fc5-90f5-9e5f56ea77d0', '62c6c052-51ef-42d9-8a0d-b895f8bda9e5', '8490f605-72c9-4f83-940f-84f0aa0ec61c', 'cde71974-a748-415d-b308-037dca590708', '2024-05-19', '15:30', '15:30', '318', 'CARGA_ENTREGADA', '2024-05-09 05:00:59', '1'),
('6e3a348b-5293-4160-adac-945ef137d495', '0729ab2f-4e5d-43f6-a038-8adca9327935', 'de26fea3-5024-4d4f-9d3d-2e2d7dc2153b', '90ae762b-3e4a-42b3-953d-3e5d72fa72db', '70333207-2625-4aa9-aca7-3bf1aff5b898', '2024-06-27', '13:30', '13:30', '526', 'EN_CAMINO_AL_DESTINO', '2024-10-21 19:24:12', '0'),
('00da639b-4722-452b-b0b4-5fef22e414cd', 'e393d47c-b052-453a-ae76-aa3bca75d495', '54097635-d516-42b9-bd81-476afee73be7', '0afd61b4-9e40-4c31-b195-55024428b999', '6a241f3a-412f-4561-a066-14dc4e1cf6bb', '2024-10-19', '14:45', '14:45', '71', 'FINALIZADO', '2024-05-18 08:49:16', '1'),
('d90196f6-fe1a-44ef-861a-a6c5f69d9722', 'b5b64277-0b24-47e1-b3d0-6893ee666184', '290e5b8c-298b-4a5d-b4d7-2b633f92cab5', 'eee5076d-1ebd-4fe5-ad55-9730c7bac6c1', '70333207-2625-4aa9-aca7-3bf1aff5b898', '2024-05-24', '10:00', '10:00', '409', 'CARGA_ENTREGADA', '2025-02-20 21:56:02', '0'),
('82ab48a2-f5d0-4b7c-970b-4eea9ab76ac7', '665b050a-20ad-46fc-8392-ae3378ddef70', '2adcea32-8541-4696-9a0d-49adcce84967', 'c71c982b-aee5-49da-9654-193651c6cc39', 'ffd0836a-8467-4bf1-aefd-e2d4e44f238c', '2024-09-08', '12:15', '12:15', '534', 'CARGA_ENTREGADA', '2024-12-09 05:51:42', '1'),
('810430e1-abd7-4bdb-8e62-0e5a343ddfa2', '796f5b7f-155b-43d3-8713-76148310ec77', 'f067ed79-0cff-4335-8e6c-a60bacc11b02', '88bea9b2-a47f-4da7-a7ea-3095407d15af', 'cde71974-a748-415d-b308-037dca590708', '2024-07-10', '07:00', '07:00', '619', 'EN_CAMINO_AL_ORIGEN', '2024-12-09 07:32:14', '1'),
('4e10bb86-562e-47e4-bbc8-128a1ea0ad4c', '990b19f1-a2af-4924-afbb-da35cb602199', 'f580a64c-b424-4289-97cf-9f4f8906256f', 'cbb6e735-4d9c-49b6-8fd6-6b5f7cbdc394', '6437b6b3-b98d-482d-8f7d-ba0b0a51ef1e', '2024-05-24', '18:45', '18:45', '691', 'PENDIENTE', '2025-03-06 23:09:57', '0'),
('24a05549-a575-47b9-abb3-313dce88dcf0', '3a9b389e-3415-44a0-ad81-a7edfbb214a7', 'd1e55d00-5e8e-4b68-98b9-36ceaeb487db', 'f155b3ef-2f33-4fea-95cf-3f97fc1d885c', '81a08a87-8644-4703-b852-b0a528939ea0', '2024-08-01', '10:00', '10:00', '204', 'CARGA_ENTREGADA', '2024-09-08 12:26:57', '0'),
('246eec22-0d5e-4ce2-bb52-554c61ac7479', 'efa3b26d-213d-41d7-80fd-284c416b6cd2', '820ee710-e913-42f4-930d-987ebe8fda58', '6fc0bd33-1536-4753-ad6b-a8d374b559bd', 'c3a45879-0d29-4739-9d3a-880193ecaa16', '2024-11-22', '13:15', '13:15', '487', 'CARGA_ENTREGADA', '2024-09-09 20:09:34', '1'),
('9063fc6f-9ca6-4902-b708-93d9d9d779d6', 'a3502711-8f66-4e08-a503-02b217f3d231', '0b18e94e-a785-4aa5-8fba-59306771b9c0', '0f906708-d1b9-4f9b-bcfa-3430ebd823f5', '6a241f3a-412f-4561-a066-14dc4e1cf6bb', '2024-08-13', '13:15', '13:15', '993', 'EN_CAMINO_AL_ORIGEN', '2024-04-27 10:12:23', '0'),
('4576a74f-038f-47e6-b88a-8dd399274b7e', '5f976393-ba50-4dd1-8541-13a7efe82d72', '9338823f-8564-45f3-9078-c02c28bd3f60', '7e99d328-4410-492d-a0ee-1cfd6687d32e', '5f18b769-8dfe-4bb0-b097-388144624cf9', '2024-04-14', '19:30', '19:30', '598', 'PENDIENTE', '2024-04-28 11:41:56', '0'),
('a7da3904-505d-47cb-8333-6d2bca7b0480', '3cba5bba-fc14-481f-801a-6759a4a8cdb6', '0b7b02cf-f862-483a-81d7-8194dc16a333', '37fd0a19-d312-4ae0-91b1-3acb34818558', '4dad34b2-ffb4-4154-9d52-37f63f5acd50', '2025-03-21', '10:00', '10:00', '357', 'FINALIZADO', '2025-01-20 22:59:34', '1'),
('2478f59f-d41d-4ece-b1d4-899c50706ee2', 'a98db54d-be87-47af-a684-fdac9da20b63', '5297ff0c-02b3-418c-a92b-1d12a064937b', 'f051be94-3364-400f-9b50-412f8f1367e3', '241450e2-74f9-45a5-8150-0a47af13e47d', '2025-03-28', '19:45', '19:45', '713', 'CARGA_ENTREGADA', '2024-09-12 22:33:34', '0'),
('a17b3520-3fa1-49c1-91f3-a804e3829bfa', '22611565-174d-4615-b2f2-09846763c9ff', 'fd871980-54ea-4d6f-9a23-27d816126838', '4db0f00b-e57a-462c-b4ab-b04483cdd17e', '70333207-2625-4aa9-aca7-3bf1aff5b898', '2024-11-10', '09:15', '09:15', '757', 'EN_CAMINO_AL_ORIGEN', '2024-07-18 04:56:40', '1'),
('4cbce436-73bc-4546-ae43-b97ccccc0a2b', 'ca62b845-12e5-448a-8c75-a07645b737a3', '36fe1c48-d2cb-4a40-9419-d9d1ab0820e0', '498b85f4-78cd-40ad-bbd3-13387172e953', 'ffd0836a-8467-4bf1-aefd-e2d4e44f238c', '2024-05-11', '18:45', '18:45', '977', 'CARGA_ENTREGADA', '2024-04-16 02:19:23', '1'),
('faedb651-445c-416a-9847-00f042b57cef', 'b2f9480b-2090-4d6f-b622-7e6c1f29d060', '5c9e2c5e-cb00-45a0-9efe-feefc79a3282', 'aaa91556-d9d4-4582-9f74-b0ba11bcf086', 'cde71974-a748-415d-b308-037dca590708', '2024-08-14', '09:30', '09:30', '173', 'EN_CAMINO_AL_DESTINO', '2025-02-19 11:51:27', '0'),
('dc69245f-ba08-4aec-9c3b-1a0eb7307198', 'a4964fb2-00cf-4dec-97b1-5a528406923b', '5b383b08-4744-4bac-ae9d-75ff844b0521', 'ab070bd7-1731-457a-a52d-495157b27f43', '6437b6b3-b98d-482d-8f7d-ba0b0a51ef1e', '2024-10-30', '11:30', '11:30', '156', 'PENDIENTE', '2024-06-10 04:09:36', '0'),
('06d3c5d1-f19f-4bcc-addd-40c20065252c', '1794064c-11a7-4415-b874-40bd8797d6a5', '1470a406-3761-4404-9531-520164e56650', 'e93b6e72-efe6-47e1-b0ac-3dd84519da5a', '81a08a87-8644-4703-b852-b0a528939ea0', '2024-06-12', '07:30', '07:30', '964', 'EN_CAMINO_AL_DESTINO', '2024-05-13 11:18:41', '1'),
('596b83b7-7c70-45df-96a7-13765eb8c346', '53c15636-a335-48ab-83ad-5286887ef13c', '38f976ab-50c3-46c0-9e10-bac1f2283d51', 'bcc23d8e-2f75-4742-bdc0-959b28201e78', 'c3a45879-0d29-4739-9d3a-880193ecaa16', '2025-03-30', '18:45', '18:45', '641', 'EN_CAMINO_AL_DESTINO', '2024-10-25 18:50:04', '1'),
('48597977-9997-457f-909d-885e1aca5a55', 'd3b64b22-0bb6-45f7-90fd-56044d7903dd', '7a4b64e0-d14d-418b-a672-7913cde0b0c0', '5152c333-06ca-4a74-ba04-93a0e34fda46', '6a241f3a-412f-4561-a066-14dc4e1cf6bb', '2024-06-16', '17:15', '17:15', '70', 'PENDIENTE', '2024-10-16 20:43:38', '1'),
('d3593550-49d8-4585-b611-4b60448ed806', '8380c033-ce0d-406b-a6ab-7a1d13147637', 'c6d7dceb-9873-448c-99d8-6245df843675', '83c4dfc0-0c5c-449b-ad9a-7d9496f87580', '5f18b769-8dfe-4bb0-b097-388144624cf9', '2025-01-20', '19:15', '19:15', '112', 'EN_CAMINO_AL_ORIGEN', '2025-03-18 13:22:18', '0'),
('1a989a3e-6388-457e-b88d-da6f0cee0698', '36b3dddd-1ec2-465e-8478-3f6a1bcbc3c1', 'f681b3c0-8406-4f15-8ee0-7431cbc8b50f', '00ceedaa-6e6b-4865-8bd7-54bb5aec80c9', '4dad34b2-ffb4-4154-9d52-37f63f5acd50', '2025-02-14', '18:00', '18:00', '589', 'PENDIENTE', '2024-11-18 10:55:48', '1'),
('e79bc58a-bad7-45ef-96da-2a194a15db68', 'a38181a1-0b08-4c75-9d2e-a0e920495079', '8da24a07-f972-4616-b3b0-0c5d2361cc16', '3f30c49d-78f0-4d13-9ffd-22a47573b036', '241450e2-74f9-45a5-8150-0a47af13e47d', '2024-12-15', '21:00', '21:00', '419', 'PENDIENTE', '2024-10-02 06:28:19', '0'),
('4d30b778-1d2e-4aec-9aa1-864d865ec4ea', '9fba2fc0-9fd7-46b5-ac1b-7419560537fc', 'ed8d3c2a-87f1-474f-a1dd-eebe576867e4', '78a9e94d-b478-4518-a991-65ffb71302f9', '81a08a87-8644-4703-b852-b0a528939ea0', '2024-05-04', '07:30', '07:30', '887', 'FINALIZADO', '2024-08-22 09:04:42', '0'),
('6cc5fc94-1424-43a2-93de-c985f01ebcdb', '8da36697-3a7b-4cb1-9cbb-2a1617bd0a92', 'b6b1900b-f4fe-4e87-b319-f8b763258106', '58adce42-732c-4fd8-8ca1-9b18557ec303', '4dad34b2-ffb4-4154-9d52-37f63f5acd50', '2024-11-08', '20:45', '20:45', '427', 'FINALIZADO', '2025-01-31 23:30:35', '0'),
('1fdeaeb4-448b-4051-8fa5-de76f79dd543', '88664202-9c30-493d-ac6b-5d19363ad555', '4778d494-9521-4f67-8f03-4e1c14afd0d3', 'd6112483-b8ee-4f76-a00d-204101d7113f', 'ffd0836a-8467-4bf1-aefd-e2d4e44f238c', '2024-04-11', '19:45', '19:45', '983', 'CARGA_ENTREGADA', '2025-01-03 03:04:39', '1'),
('29e47ecf-b475-4ea1-a49a-5d57fd5c90f9', '14bcbcf0-ec2c-4dba-beff-434c1127c74d', '0cceb620-7c81-4ea0-8de9-b10a2494f70b', '1e940da9-2932-4866-b4c7-30d3d4a9e244', '5f18b769-8dfe-4bb0-b097-388144624cf9', '2025-03-30', '16:00', '16:00', '685', 'PENDIENTE', '2024-10-18 14:44:43', '0'),
('0c84015f-50cb-4f86-841a-7a07007bb766', 'e3acf4c5-24ad-4274-b503-6214e338ceff', '495f716e-6137-4750-84a7-3ea46d58bebe', '48c25daa-5897-4238-8c27-7b45cf092f2f', 'c3a45879-0d29-4739-9d3a-880193ecaa16', '2025-03-16', '21:45', '21:45', '209', 'EN_CAMINO_AL_ORIGEN', '2024-12-03 00:31:29', '1'),
('5b0a58a6-17a1-4ab8-bbc2-ec8ac10f9611', '48b7ed6b-b89b-4447-945b-5b0da84c0720', 'cf3ffa62-512c-4788-a52d-7d14aacb175b', '83e3b9c8-8e33-46c1-a202-27dfd6a2ce68', 'cde71974-a748-415d-b308-037dca590708', '2024-06-27', '13:15', '13:15', '329', 'EN_CAMINO_AL_DESTINO', '2024-08-05 22:21:08', '1'),
('6f271e65-c519-4e0c-9754-8061c4f7e786', 'cc6a0529-f64c-468b-bfa1-cab0d55953c0', '65c19c44-27f9-4269-a13c-b1e89db9b45b', 'f1d9c7fe-bd02-403a-8a0c-466c1828af3e', '70333207-2625-4aa9-aca7-3bf1aff5b898', '2024-07-06', '11:00', '11:00', '407', 'FINALIZADO', '2025-03-24 11:27:13', '0'),
('84a254e9-56d5-4bbd-bea3-0005139ec1b6', '56a4dd95-289b-43ba-9da3-30dc0b7644a5', '0eefa813-597e-4c36-bbde-69195abef619', 'a64fbfd6-2cb5-4176-95e6-30438b4874e3', '6a241f3a-412f-4561-a066-14dc4e1cf6bb', '2025-03-25', '09:30', '09:30', '495', 'CARGA_ENTREGADA', '2025-03-06 04:34:42', '1'),
('e16d6b32-cca9-4a91-a2e5-688652df1c80', '063c9897-e0c1-41b7-bd03-607950c6146d', '67a9d1bd-a1c3-46a2-8c74-2e851bb877fb', 'c2671abe-a78f-4158-b726-517895b00a34', '241450e2-74f9-45a5-8150-0a47af13e47d', '2024-05-18', '19:00', '19:00', '808', 'EN_CAMINO_AL_DESTINO', '2024-05-07 01:50:11', '0'),
('3ded056d-fa41-4750-8025-afa73f1309ff', '02ea9ed7-78b9-4f2f-b06a-02b8028acfcc', '53e0114a-091a-4a2f-9732-26dfa5b2ac9c', '919a9f5d-0f93-4b16-9e97-fd7a0a6f49fc', '6437b6b3-b98d-482d-8f7d-ba0b0a51ef1e', '2024-12-10', '10:45', '10:45', '230', 'EN_CAMINO_AL_ORIGEN', '2025-01-17 16:27:51', '1'),
('25dfb301-77c1-4fee-b972-eecf111e09d1', 'e81dc661-4edc-4efd-bbbe-b243de3d4e87', '567d7546-0436-499b-98b9-167e17fe0957', '74d10b64-e2e6-4b55-91c5-c6befdb05981', '241450e2-74f9-45a5-8150-0a47af13e47d', '2024-06-05', '08:15', '08:15', '526', 'CARGA_ENTREGADA', '2025-01-30 19:08:34', '1'),
('4ce5b61a-f757-4416-8d89-dfaf153ef7bd', '0dfddf7f-a7dc-472d-9e5c-e779a38282e8', '8cd6eabe-30ff-4474-baf1-3e5b7f76fe87', 'cd4266df-3077-4458-a169-01de93610c2e', '5f18b769-8dfe-4bb0-b097-388144624cf9', '2024-04-26', '06:00', '06:00', '142', 'PENDIENTE', '2024-04-08 10:04:49', '0'),
('30324d9d-9776-43f9-a28b-8749e4b6a9e9', '933f6523-d4f3-48f7-b641-26d55cb315c3', '860ddb49-f214-4c01-9212-d6d9f28eb5f9', 'a3349bd5-75dd-4152-ac6f-57ba5cba7ef8', '70333207-2625-4aa9-aca7-3bf1aff5b898', '2025-02-05', '20:30', '20:30', '652', 'EN_CAMINO_AL_ORIGEN', '2024-11-10 16:41:35', '1'),
('846f47e8-6099-45f5-bd88-bfcac068b61e', '52241ced-5e70-4513-abc7-e2edbf508705', '5553129f-6f2b-4272-84cf-badabe94d033', 'aa459104-efc1-4fc1-a3fe-e659528ba7fe', 'ffd0836a-8467-4bf1-aefd-e2d4e44f238c', '2024-05-27', '20:00', '20:00', '48', 'EN_CAMINO_AL_DESTINO', '2024-08-27 23:47:10', '0'),
('a58674fa-da41-4b2c-a486-a5d67032055f', 'f8cdc1f1-7d36-4ce0-955f-885805786936', '3970dfa4-63f4-40f1-9dde-497db4fa09bb', '26983a74-1ae1-4518-bba0-fa8a7e0b2068', '6437b6b3-b98d-482d-8f7d-ba0b0a51ef1e', '2024-07-18', '19:45', '19:45', '486', 'CARGA_ENTREGADA', '2024-07-09 15:21:57', '1'),
('9a703fa2-cb87-4e45-b16c-00e0b5ffa7a0', 'c5bab208-7061-4ace-a0e7-ed15cfbb841f', 'b897d06a-401b-4d7c-8a81-99641cda907e', '92fef1d7-d9ff-41a2-ad52-b45966b8297e', '6a241f3a-412f-4561-a066-14dc4e1cf6bb', '2024-08-31', '07:15', '07:15', '827', 'CARGA_ENTREGADA', '2025-02-06 07:22:41', '0'),
('6cdf2c20-4ee8-4a9e-bc8a-825cc95e8095', '8bbffbde-3718-4d70-b338-e461f00de51b', '665d9902-9912-442e-9ab4-c6c2445529de', 'e42e7728-99ec-4b2f-971d-ddf811d5d3ba', 'cde71974-a748-415d-b308-037dca590708', '2024-09-22', '10:15', '10:15', '205', 'PENDIENTE', '2025-01-08 10:50:43', '1'),
('720b3ac4-c1a7-483a-9de7-f389c1f74a1d', '956a9e8b-aa81-4159-8f36-3f289533505c', '6c0c241e-f3a2-417c-b33e-1793a28a9d47', '468f1874-50b0-4e73-8b1e-888a6a7461ff', '81a08a87-8644-4703-b852-b0a528939ea0', '2024-04-26', '17:15', '17:15', '246', 'EN_CAMINO_AL_DESTINO', '2025-03-31 19:12:08', '0'),
('faa4c5bb-c3fe-45e0-ba89-33e876f53046', '615cdf47-270b-448d-ab42-5637864d19ad', 'dcaf0187-d831-442a-be77-bb1ab7e874b9', '2c682ff3-8d79-4283-bdb9-10e3c9efa98d', '4dad34b2-ffb4-4154-9d52-37f63f5acd50', '2025-02-18', '11:15', '11:15', '617', 'PENDIENTE', '2025-01-11 21:31:48', '0'),
('6d7f6bf2-2ceb-440b-b59f-32c7e16d1391', 'b6e7d18b-3bfc-4722-b599-e075ac0228c5', 'e553ed60-c6d2-4124-b2a7-115f0ff285eb', '21955fb6-8ba6-41f5-b679-e852fd9c93ad', 'c3a45879-0d29-4739-9d3a-880193ecaa16', '2025-01-12', '18:00', '18:00', '993', 'FINALIZADO', '2025-02-23 01:56:14', '0'),
('010c0fe2-b891-4880-88c7-9a3260d0ee0b', '6b8e4d76-6168-49d9-81e9-60b672eee7db', '50a64b29-f413-4666-8338-c3ac088629a3', 'ddb88c65-d24c-497d-a421-a0880a26548c', '6437b6b3-b98d-482d-8f7d-ba0b0a51ef1e', '2024-06-16', '07:00', '07:00', '243', 'EN_CAMINO_AL_ORIGEN', '2024-12-18 12:52:19', '0'),
('1e8c9d35-e2b2-4c47-b020-5eda3f2f93ad', '675d797a-3f17-4afc-8660-29d569c3adf6', 'd7e86721-a38a-49f2-8d28-e535e36154b7', 'c6c72fa0-591b-44bf-b006-7dc8e1a73a31', '4dad34b2-ffb4-4154-9d52-37f63f5acd50', '2024-09-13', '11:30', '11:30', '551', 'PENDIENTE', '2024-10-06 14:58:54', '0'),
('16a8d532-1dca-4701-b404-ccde726d0312', '05cd6ebd-3690-401c-9a79-f3289dc7114c', '72f59d54-2989-4cde-bb6b-a9b77c53ea3c', '7148d1cd-f841-44e2-8228-3f86c0dec6ba', '81a08a87-8644-4703-b852-b0a528939ea0', '2024-06-17', '15:00', '15:00', '781', 'EN_CAMINO_AL_DESTINO', '2024-11-26 07:59:08', '1'),
('8e1f9d13-02e1-46c6-b9c5-a6cf3e39fe23', '76c7f409-1cf6-4ed5-a513-16c350101925', '0d15913a-e94b-4e87-81ff-2df98229d86c', '037680f5-5404-4965-96ba-b5e5ac61f4e8', 'ffd0836a-8467-4bf1-aefd-e2d4e44f238c', '2024-04-25', '08:00', '08:00', '995', 'EN_CAMINO_AL_ORIGEN', '2024-06-29 18:28:14', '1'),
('485d4ef6-805e-435d-b5a6-b9d0134c9b46', 'c25c238a-40b6-4d33-81ca-9d9938c05dea', '8a0be2c8-5063-4bee-b878-17fff007611e', 'd9cf78c5-28ec-4959-9707-0a65ac8626c3', '5f18b769-8dfe-4bb0-b097-388144624cf9', '2024-05-02', '20:30', '20:30', '37', 'EN_CAMINO_AL_DESTINO', '2025-03-05 17:44:43', '1'),
('c1920f16-48fd-46cc-83e6-bcff657e5951', '29986819-2e7b-4e5f-89c9-e13f31c16aae', 'f3ca9b8d-ad33-411d-a089-4339481ce135', 'af485f23-6665-41b7-86c5-bfd4efcb40ed', '70333207-2625-4aa9-aca7-3bf1aff5b898', '2024-10-03', '10:45', '10:45', '334', 'FINALIZADO', '2024-10-27 14:14:28', '0'),
('014a5efe-3af9-43de-933c-889b56abf736', 'e2bd64e5-a348-458f-a82e-d36a68cad347', '83669e9a-88ce-45e4-ae30-45d0d0343a18', 'c7de1302-721f-4b36-9d01-0b5aa7bafbbb', 'c3a45879-0d29-4739-9d3a-880193ecaa16', '2024-05-12', '07:30', '07:30', '877', 'FINALIZADO', '2025-03-03 23:25:12', '0'),
('c33fd03a-ba00-48b7-a72d-ba9d27f7be5d', 'ac157315-2377-4c98-9618-e6ec89f2ca6e', '0f258cc6-f6c5-44c8-9d4c-f015666e3587', 'dffbd781-5af3-4278-8c42-72fe0170a0cc', '6a241f3a-412f-4561-a066-14dc4e1cf6bb', '2024-11-15', '06:45', '06:45', '792', 'PENDIENTE', '2024-05-19 23:41:29', '0'),
('7996934f-ce7c-42d3-8ed2-616ef88ecff8', '7e7bb64e-e3b8-435c-9467-42676a583f02', 'f5d0d4c6-6260-401d-a313-dbd2cda275f7', '8a3b7b45-d767-4521-ade1-b3d80ce45d02', '241450e2-74f9-45a5-8150-0a47af13e47d', '2025-02-24', '11:45', '11:45', '303', 'FINALIZADO', '2025-02-25 20:09:34', '1'),
('fd34140a-ac33-4a11-8be9-bdf73c542284', 'ac5480be-0be5-4869-b582-b56f51a8f2b8', '245122e9-0f15-4b39-a574-c84e1a5dfb74', '7f0ec2a6-4d83-4f5b-82a3-a9bdffb35533', 'cde71974-a748-415d-b308-037dca590708', '2024-06-10', '09:45', '09:45', '747', 'CARGA_ENTREGADA', '2025-02-06 20:32:28', '1'),
('8d75ce5e-b3d5-4fed-85fe-5624b895729a', '62f33602-e41b-416e-8499-26bdf28fe145', '8fd611d2-5660-42f2-bb5b-bb5905de9295', 'c286645a-2ce8-48fc-9c6f-25f01d643745', '81a08a87-8644-4703-b852-b0a528939ea0', '2025-01-18', '08:15', '08:15', '840', 'FINALIZADO', '2024-07-26 15:18:33', '0'),
('ac358512-4424-4756-8383-56e8c8929a95', '17ac297c-4fc6-455b-b015-c90cd74f2357', 'e839aa82-abbf-4a53-9352-0cd41a8cf2c2', 'd9439806-af38-4b2d-9527-4da9775a256d', '6a241f3a-412f-4561-a066-14dc4e1cf6bb', '2024-07-25', '06:30', '06:30', '731', 'PENDIENTE', '2025-03-21 13:40:03', '0'),
('7d465eff-be71-4ede-b6a9-660c3628ef58', '28d73945-458d-4b2b-9980-2622ea30c18a', '0dd71a68-0f12-495f-859a-aeac6a5ccdf4', '2ee3edec-3b9a-4292-90a1-b69062d124e0', '241450e2-74f9-45a5-8150-0a47af13e47d', '2025-01-10', '06:15', '06:15', '737', 'EN_CAMINO_AL_ORIGEN', '2024-05-25 15:03:48', '0'),
('37c65dd3-9bd6-4e22-a607-299eff584ef0', 'f5131897-180f-4555-bb3f-3c00faf8b45c', '2f1b2801-a134-41ff-9806-2235a38fd2a6', '54ef7691-e84c-49ee-8857-9600bbadd56e', '5f18b769-8dfe-4bb0-b097-388144624cf9', '2025-03-05', '19:45', '19:45', '991', 'EN_CAMINO_AL_ORIGEN', '2025-03-03 13:45:46', '0'),
('b60d128c-ca3b-40e1-9461-84339e9c6347', 'c7a9584d-c29b-4e09-abf5-56281703eb21', '9d5e1e7c-c86e-4311-ba34-1907aa20974f', '3485e0d1-8439-4bf1-abe3-0537b9a8adae', '6437b6b3-b98d-482d-8f7d-ba0b0a51ef1e', '2024-06-15', '21:30', '21:30', '553', 'EN_CAMINO_AL_DESTINO', '2024-11-14 19:21:12', '1'),
('4bac0537-78f0-45fd-91b2-6a6f04e7fdf5', 'f897a39b-9796-47e0-988f-4650c2d4183c', '5d4f4e9a-9085-4ab3-85a7-7aea155828c9', '66914cff-a62b-4385-adbc-92b629bbba2b', '4dad34b2-ffb4-4154-9d52-37f63f5acd50', '2025-03-14', '12:30', '12:30', '418', 'CARGA_ENTREGADA', '2024-11-11 22:41:09', '0'),
('d2ef054d-ac57-42a5-bdb9-ecec43bdad1c', '1e68db0a-31ca-497c-8ce8-4fb50e648444', 'b7f16f9f-97fc-4b61-b8b9-7cb6253a2288', '8ed0b5d1-9943-459d-b1e9-6f6046fbc92c', 'c3a45879-0d29-4739-9d3a-880193ecaa16', '2024-05-29', '17:45', '17:45', '837', 'PENDIENTE', '2024-08-11 01:26:22', '1'),
('41f39248-e37b-471b-a0a7-c0944b062355', '38845b28-c1b1-49ea-baa2-295d77e7d201', '05e668f7-f155-41f6-a427-c7e6026ad433', '74fb2a13-79c6-4ca9-a771-fd506d22d110', 'ffd0836a-8467-4bf1-aefd-e2d4e44f238c', '2024-07-25', '11:00', '11:00', '365', 'EN_CAMINO_AL_DESTINO', '2025-01-09 16:12:09', '0'),
('b51b1fca-caba-47bc-ac25-0719d9bd339d', '9edf9a96-5c63-46b4-8ca4-7f0893526c9d', '0f92fd38-fca2-48d6-ae4e-177eb76f8c0b', '1b77dd11-b3ee-4b16-87a1-c1e7bb454531', 'cde71974-a748-415d-b308-037dca590708', '2024-08-01', '21:15', '21:15', '288', 'FINALIZADO', '2024-11-05 02:02:41', '0'),
('9525b95b-9f31-4c14-8f98-8385006b1225', 'd3a4a1e2-ae9c-425b-aec5-fa8c0295fa57', 'a2a04b05-5fda-4925-bd1f-3bb62be1bfe3', 'c53b72ea-b053-409a-91e0-fdb0c68039bb', '70333207-2625-4aa9-aca7-3bf1aff5b898', '2024-10-15', '09:45', '09:45', '346', 'CARGA_ENTREGADA', '2024-06-25 00:48:37', '1'),
('c2274e84-55c9-44c0-9163-401bebd0473c', '39a0fe85-c541-48d6-b578-ccb58ef84ff8', 'e4b44126-864c-4e4d-bb55-002bd9957b45', 'd5398962-0f83-42e7-829e-b0a3a15fb396', '6437b6b3-b98d-482d-8f7d-ba0b0a51ef1e', '2025-04-02', '06:45', '06:45', '434', 'EN_CAMINO_AL_ORIGEN', '2025-03-02 16:26:13', '1'),
('e5452c4b-20a9-47a1-a9e7-fc33db7110cd', 'b69f9759-0a4c-4647-876c-2102400aeab6', '69374fcd-a013-47f6-877d-f0e3dcecc810', '6f4eafdf-df37-49a7-9e46-d6a89c8547bb', '6a241f3a-412f-4561-a066-14dc4e1cf6bb', '2024-10-18', '11:30', '11:30', '778', 'EN_CAMINO_AL_ORIGEN', '2024-08-28 14:22:20', '1'),
('63205d9d-3a4d-4228-988c-c50c83b45ee4', '3d5c3794-613c-443a-aad2-87834e5641c4', 'd0b98c12-0947-418d-8de0-234d76b46a4f', 'fc12bfdd-291b-4d46-a47d-89372a55f91f', '5f18b769-8dfe-4bb0-b097-388144624cf9', '2025-02-18', '10:30', '10:30', '313', 'EN_CAMINO_AL_DESTINO', '2025-04-03 04:57:06', '0'),
('c6acd3b4-1d94-48a2-a358-31453f8bd3f5', '89263cfa-716a-4a78-88a0-0c088e900586', '4039b00e-1676-484a-9903-edc5ca83a56e', 'c7b626a4-6cf4-4f26-87e9-7bdf2cad6638', '4dad34b2-ffb4-4154-9d52-37f63f5acd50', '2024-09-11', '10:00', '10:00', '153', 'EN_CAMINO_AL_DESTINO', '2025-04-03 04:53:01', '0'),
('ea84bb88-ea43-4c7e-b62c-bdd2c6d26e4f', 'a314405e-8db8-4d10-9a91-23a8fca29bec', '9b658611-739a-4c5a-aa4a-806ad7f573f6', '89f32e3d-6c7e-4db8-9aa3-47720afb31a4', 'ffd0836a-8467-4bf1-aefd-e2d4e44f238c', '2024-12-29', '17:15', '17:15', '421', 'EN_CAMINO_AL_ORIGEN', '2024-07-14 03:50:21', '1'),
('2e38715e-dba1-4c42-a103-dbf94ff6ac37', '467bc1a7-373c-48c3-8853-79434eb6442e', 'd1f709aa-706c-4fc1-a4ee-c077849584d5', '06090371-df71-4acd-90fb-c64901e9350f', '241450e2-74f9-45a5-8150-0a47af13e47d', '2025-03-24', '13:00', '13:00', '163', 'EN_CAMINO_AL_ORIGEN', '2024-10-19 20:57:29', '1'),
('7cf59c7c-ae52-47bd-b71a-049ffb792e6e', '676813f7-ab42-4b33-bae2-634c2b817528', '1861a9f3-5635-4893-b948-55ed50fe1663', 'eaf522a9-5d55-4cb9-ac40-8f6d3da14d09', 'cde71974-a748-415d-b308-037dca590708', '2024-04-14', '21:30', '21:30', '452', 'EN_CAMINO_AL_ORIGEN', '2025-02-05 05:36:06', '1'),
('0c6704bb-b146-4bc0-980a-0d05690358a8', '5597c029-1491-466b-9ff2-4d032db990f4', '0df4e602-c426-42a1-b7be-dcbd734c2425', '0a9d3078-1727-4279-84a2-511124b1d631', '81a08a87-8644-4703-b852-b0a528939ea0', '2024-06-10', '15:15', '15:15', '729', 'FINALIZADO', '2024-07-25 10:28:29', '1'),
('226bd6b3-c243-42d9-ab64-f5b0fa9def5d', 'b37ddd86-4c1e-48c7-a2d7-ed9f73a27ad6', '380c5f1a-dfb3-43db-850c-85553be72177', '68cff0da-6da5-4b36-84c5-1ba9e68576f3', '70333207-2625-4aa9-aca7-3bf1aff5b898', '2024-06-14', '20:15', '20:15', '257', 'EN_CAMINO_AL_ORIGEN', '2025-02-12 23:38:29', '1'),
('f3a837d9-734f-49d9-989f-0b0e5482abb9', 'e3956bc7-1d70-455d-8b5e-4e2d622d1955', '1a85818d-5201-44c9-a385-dc7f22a46729', '7847be86-85ba-4256-9892-6391235b98b6', 'c3a45879-0d29-4739-9d3a-880193ecaa16', '2025-01-04', '06:00', '06:00', '755', 'EN_CAMINO_AL_DESTINO', '2024-06-28 11:56:34', '1'),
('fcd2bd47-178e-4f8b-bd5e-f6e02cf61eee', '8b610106-f31d-405e-a7c1-81c1e8dfd150', 'c334ea57-e779-4f59-933f-9a3987df6eb1', '0fe0d7e2-d468-4d7e-9fa8-d33fbe045b2d', 'c3a45879-0d29-4739-9d3a-880193ecaa16', '2024-09-22', '12:15', '12:15', '732', 'EN_CAMINO_AL_ORIGEN', '2024-07-29 10:10:35', '0'),
('98ace626-f2a3-4c4e-9802-d765cc4685cc', 'd3a4a1e2-ae9c-425b-aec5-fa8c0295fa57', 'e0e62249-001b-4f9c-85b2-62f5760c29f5', '450419da-804a-471f-b855-7dea6b73f449', 'ffd0836a-8467-4bf1-aefd-e2d4e44f238c', '2024-09-19', '09:00', '09:00', '626', 'EN_CAMINO_AL_ORIGEN', '2024-05-25 07:11:41', '1'),
('d36a7c51-b068-4352-9588-f37b09a7bd09', 'e3956bc7-1d70-455d-8b5e-4e2d622d1955', '89360b62-1885-471a-9366-0e01d28d86f6', 'a7339ca7-804d-47f7-90f6-424e4ede0aee', 'cde71974-a748-415d-b308-037dca590708', '2024-05-16', '09:15', '09:15', '563', 'PENDIENTE', '2024-07-23 19:17:04', '1'),
('e82c23c6-d76b-43b4-8dea-801315165f88', '39a0fe85-c541-48d6-b578-ccb58ef84ff8', 'c39230ac-161a-46b7-bafc-672747be94c2', '15bbb9e5-578a-4303-bcea-6b0c7c378e9c', '70333207-2625-4aa9-aca7-3bf1aff5b898', '2024-06-25', '20:45', '20:45', '604', 'PENDIENTE', '2024-06-06 23:59:10', '1'),
('f2897070-c9c9-47c7-9a9f-85f77293fc9f', 'cf8483e3-70e7-4215-a1fe-1c383e862bbe', '0eddad85-4e76-4cc8-b360-39ecc0a56833', 'abb1df06-fc99-4661-b837-7927272960fb', '81a08a87-8644-4703-b852-b0a528939ea0', '2025-01-17', '17:45', '17:45', '754', 'CARGA_ENTREGADA', '2024-05-25 21:27:18', '1'),
('cbcb8148-16fd-432e-81ff-f7d1ac10e17e', '22611565-174d-4615-b2f2-09846763c9ff', '08547aa1-e339-4b8d-951c-368618b3346d', '60e9fdd2-e81c-4a79-ac8d-0a0ec085ccb7', '6a241f3a-412f-4561-a066-14dc4e1cf6bb', '2024-04-11', '20:15', '20:15', '729', 'EN_CAMINO_AL_ORIGEN', '2024-07-26 02:56:50', '0'),
('0ab58f98-c7fb-43a0-b327-09cdb112f131', '8bbffbde-3718-4d70-b338-e461f00de51b', 'e6f9271b-b99b-44d7-ad69-0b4e0234bafb', 'fd60acba-4a16-4d5c-859e-b56359090444', '241450e2-74f9-45a5-8150-0a47af13e47d', '2024-08-05', '12:00', '12:00', '71', 'CARGA_ENTREGADA', '2025-02-15 19:17:46', '0'),
('8ec23ab6-0ac6-42f9-a363-aa6552a9c9b5', '665b050a-20ad-46fc-8392-ae3378ddef70', 'bd1c1004-a63d-4681-8a8d-a81827a83b7c', 'af626331-3c64-4df3-8423-124fbc8d2bff', '5f18b769-8dfe-4bb0-b097-388144624cf9', '2024-09-06', '20:30', '20:30', '606', 'PENDIENTE', '2024-11-11 09:59:03', '0'),
('c8dff142-0cad-4248-b106-3194fc294354', '9fba2fc0-9fd7-46b5-ac1b-7419560537fc', '1a442132-c0b9-488d-a119-41f21ec3b848', '6fae33b4-c6ca-4f7d-a639-1654bdb619a4', '6437b6b3-b98d-482d-8f7d-ba0b0a51ef1e', '2025-02-01', '19:15', '19:15', '61', 'EN_CAMINO_AL_ORIGEN', '2024-11-20 18:57:54', '1'),
('79132843-d701-4160-8242-d39c0600077b', '28d73945-458d-4b2b-9980-2622ea30c18a', '9dfd46fa-8278-4b46-a1ad-33e330ae2e96', 'c787c7b2-6005-4c62-9cca-f994301be750', '4dad34b2-ffb4-4154-9d52-37f63f5acd50', '2024-09-20', '11:00', '11:00', '727', 'EN_CAMINO_AL_ORIGEN', '2024-08-05 22:29:05', '0');


-- fabricate-flush


INSERT INTO "User" ("id", "name", "email", "password", "created_at", "status", "is_deleted") VALUES
('f16422aa-236f-4ee0-aa07-2b92019822cf', 'Wynn Meadmore', 'wynn.meadmore@yandex.ru', 'Kw4H!0v!', '2024-07-21 09:13:18', 'Inactivo', '0'),
('d620e906-65ab-472b-831a-9c1de3cc41e6', 'Vere Fihelly', 'vere.fihelly@yahoo.fr', '*L***b#**!tD', '2024-06-16 02:20:08', 'Activo', '1'),
('20e4d3d1-b1da-4ad1-876c-b43306ca26a1', 'Valry Mathelin', 'valry.mathelin@gmail.com', 'SY58C%**&@$I*3$', '2024-04-05 03:21:54', 'Inactivo', '1'),
('5d0a7661-516a-4510-a3d3-b1890fd51ce1', 'Valentin Ikins', 'valentin.ikins@orange.fr', '&Z*!5c*h#N5**', '2024-06-02 08:07:45', 'Activo', '1'),
('87534ca2-c6eb-4f5f-9e30-cd0752da01a2', 'Thornton Bull', 'thornton.bull@msn.com', 'v$#$E#!@C', '2024-08-21 01:00:33', 'Activo', '1'),
('dc38d1da-98ba-4aef-94f4-d7d54510264e', 'Teirtza Wanderschek', 'teirtza.wanderschek@gmail.com', 'E3$!cHily2Y!m', '2024-07-16 11:00:28', 'Activo', '0'),
('949884d3-74ee-451c-ad4b-41d5c3642c2d', 'Tarrah Bewlay', 'tarrah.bewlay@yahoo.com', '6dNH*!sU*', '2024-08-26 02:03:17', 'Inactivo', '1'),
('b092bcdd-95c7-4c66-8b6c-d2cde60aebc7', 'Tait Hamblyn', 'tait.hamblyn@hotmail.com', '1%Uh**$!5M79!v', '2024-04-12 00:34:45', 'Activo', '0'),
('a0b8b3e3-b0b7-4127-ba04-cd99ab703af7', 'Starlene Tribbeck', 'starlene.tribbeck@cox.net', '!r@g*1q&', '2024-06-30 12:16:40', 'Activo', '1'),
('2b35fd87-f86b-442d-a24c-9ea3814051db', 'Sherye de Clerc', 'sherye.declerc@yahoo.com', 'fj681!1!&', '2024-09-09 00:03:26', 'Inactivo', '1'),
('323edef4-bccd-4ef6-867f-b9559df8e91d', 'Sayre Quested', 'sayre.quested@cox.net', 'hq1k#KP4&5a*3', '2024-10-27 19:29:47', 'Inactivo', '0'),
('827572ce-626c-464d-9b8c-9da9e37be7ec', 'Samantha Jonuzi', 'samantha.jonuzi@libero.it', '!$&9f*&*A@&c', '2024-05-06 12:07:29', 'Inactivo', '1'),
('224a5519-4dd8-40af-8f0b-9cd7c9992523', 'Salem Schoffel', 'salem.schoffel@yahoo.com', 'rqwg$*R%c#**', '2024-07-18 15:06:09', 'Activo', '1'),
('a211fd99-bfec-4211-9dc5-4879b08fc8ae', 'Russ Burgyn', 'russ.burgyn@yahoo.com', '%%n#&y!&&C*6$!*', '2025-03-13 06:36:16', 'Inactivo', '1'),
('113f6536-dd1b-4cf4-b45d-4df40078f7ea', 'Rik Rodrigues', 'rik.rodrigues@hotmail.fr', '**T!Z*D*3l', '2025-03-21 09:39:34', 'Activo', '0'),
('39b7e6a2-ef3b-4f62-b52c-c1d46f590439', 'Reynard Elland', 'reynard.elland@hotmail.co.uk', '$4**!$7M*', '2024-07-05 09:13:15', 'Inactivo', '1'),
('d542d916-b30f-4e98-84d8-b9bfd727ab62', 'Rey Monks', 'rey.monks@ig.com.br', '*r7F!h*!m$%ko', '2024-05-23 13:03:39', 'Inactivo', '0'),
('ab2361ce-db5a-4d11-93ed-628a0ee3c1d7', 'Reg Geekie', 'reg.geekie@yahoo.com', '76!!!!!%**65p&o*', '2024-04-16 13:36:16', 'Activo', '1'),
('ca16ef2d-a05c-47c5-9f17-a175953a14fd', 'Rebecca Warratt', 'rebecca.warratt@gmail.com', '!%qhP!#&', '2024-08-09 09:35:24', 'Activo', '0'),
('2abf297d-4570-4313-9274-ab5f5483eedd', 'Petr Sprigin', 'petr.sprigin@hotmail.co.uk', '%!$Zw7yV!&*8!**', '2024-11-12 10:41:07', 'Inactivo', '0'),
('268ba411-038f-4289-98f1-3c77b8005618', 'Pen Veljes', 'pen.veljes@hotmail.com', '!#*A*%*0', '2024-07-12 05:02:25', 'Inactivo', '1'),
('2aed7d31-063b-44c2-a701-f5942a9cdd26', 'Norton Shirrell', 'norton.shirrell@yahoo.co.uk', 'U!$!e#9x', '2024-07-22 03:19:21', 'Inactivo', '0'),
('87250b2f-b9c5-48a0-99d2-63d87a50fb74', 'Ninnetta Gravestone', 'ninnetta.gravestone@yahoo.com', 'pk!Dy!!**&!4#', '2025-02-08 07:57:55', 'Activo', '1'),
('36564344-278b-4347-b534-faf7672ada99', 'Nina Barkley', 'nina.barkley@yahoo.com', 'c$*!%**y%', '2024-06-05 15:44:01', 'Activo', '1'),
('3b6cf1a2-89a1-4969-a002-7bbbf46cac62', 'Nicol Sandwick', 'nicol.sandwick@yahoo.co.uk', '$W%l!#1*!', '2024-06-30 19:19:11', 'Activo', '0'),
('c502a0d1-2c9d-4d98-bc71-ea1024e095d9', 'Nels Petrelli', 'nels.petrelli@hotmail.com', '5!*Xc!1!%!I5', '2024-05-31 09:11:07', 'Inactivo', '1'),
('4b0cd855-ce42-4324-90fb-15e8767c69dd', 'Neely Fetherby', 'neely.fetherby@gmail.com', '!!!8*1e%', '2024-04-13 20:10:20', 'Inactivo', '0'),
('1646fb81-7a3c-4ab9-91c3-f18f11007eb9', 'Nani Jakobssen', 'nani.jakobssen@gmail.com', '*%C*6%62&M$$5#', '2025-01-04 06:06:00', 'Activo', '1'),
('2ae31240-d348-4ee1-ae17-08738699addb', 'Mitchel Fulep', 'mitchel.fulep@gmail.com', '!$!gKV!$p1i*#2', '2025-01-02 06:41:27', 'Activo', '0'),
('c6833e63-e5c0-4dcb-9ca2-36690037e83a', 'Michaela Culver', 'michaela.culver@yahoo.co.uk', 'B&**K!%*cO6', '2024-04-19 19:33:28', 'Activo', '0'),
('cd88bc75-c40e-49ba-bcc2-90108ae69fd7', 'Mellisa Scranney', 'mellisa.scranney@yahoo.com', '*p!!*!$94', '2024-09-08 10:03:11', 'Inactivo', '1'),
('743407b7-44de-4d9a-b0ea-317a43b6f8a8', 'Melinde Percifull', 'melinde.percifull@googlemail.com', '$%b#v8&R*', '2024-11-06 05:45:00', 'Activo', '1'),
('9682fe54-5561-4624-ad58-f8c3fd00fa83', 'Maynord Urlin', 'maynord.urlin@aol.com', '!I*!%$!&', '2025-03-18 23:16:06', 'Activo', '0'),
('e0b62006-599e-4f94-b89d-c2de7a6871b4', 'Maury Clutram', 'maury.clutram@hotmail.com', '1*$y*!!u&40*&!', '2024-09-07 13:57:33', 'Activo', '1'),
('5e9c7153-370b-4e9b-970e-039254ad2eeb', 'Martita Boobier', 'martita.boobier@hotmail.com', '**!7TO*L1X#*hF', '2025-02-13 08:52:47', 'Inactivo', '1'),
('3d587a5b-a9a6-4663-8d0e-fb1aa3027afb', 'Marris Halse', 'marris.halse@aol.com', '&3Jlh*9A**YeA!u*', '2024-04-08 21:27:53', 'Inactivo', '1'),
('a901d9fb-6e51-4252-85f2-7c9a345139c3', 'Marilyn Bettanay', 'marilyn.bettanay@yahoo.com.br', '!96!v*z#*!61t#*6', '2024-06-17 05:33:26', 'Inactivo', '1'),
('a06e88c0-c1d2-4842-b609-2e3a6ff46e8f', 'Mariana Menaul', 'mariana.menaul@yahoo.com', '*P*1Ty!9E!!%#', '2024-10-16 11:49:03', 'Activo', '1'),
('4e20b545-3559-4ce1-9104-21e2bfeaa8af', 'Mahalia Jevons', 'mahalia.jevons@gmail.com', '$c*Z@**@6', '2025-02-02 19:31:39', 'Activo', '1'),
('2d56e3fa-b110-4baa-8edc-b16d42edb2bc', 'Linn Lowdiane', 'linn.lowdiane@aol.com', '*YJ!%&Rh&9*bCx7W', '2024-08-09 14:19:45', 'Activo', '1'),
('b718874b-e3b8-4cbc-b22a-5136793562f2', 'Lark Seiler', 'lark.seiler@hotmail.com', '*ap&$!*$o*Of!', '2024-05-06 05:22:14', 'Activo', '0'),
('032a5c8f-3da2-4052-be7e-f8deb24508e7', 'Ky Stringfellow', 'ky.stringfellow@hotmail.com', '#&*!!*!9lI%', '2024-04-25 18:24:30', 'Inactivo', '0'),
('3cc2cc65-c6f9-499d-9903-56bbda18d545', 'Kimberly Koppelmann', 'kimberly.koppelmann@hotmail.com', '*Lmji3$x2*%t*Jm', '2025-02-20 02:01:41', 'Activo', '0'),
('5eb10353-2308-4016-8798-f00c10c20444', 'Kessiah Quakley', 'kessiah.quakley@comcast.net', '!*G!%%8**!*@sdJ', '2024-12-30 18:57:30', 'Inactivo', '0'),
('2b540536-3909-436f-ac92-ebb019955778', 'Kelci Parzizek', 'kelci.parzizek@gmail.com', '*!G!$*%u!8*7!9', '2024-12-25 13:12:29', 'Inactivo', '0'),
('e887c6c1-6238-41da-a17a-be34a07c575b', 'Katha Godsafe', 'katha.godsafe@yahoo.co.uk', 'v$jK!!B!*7!#', '2025-01-20 09:51:35', 'Activo', '0'),
('c668cad6-dfbb-4274-8949-4b0e7f9c5ed7', 'Karney Bugler', 'karney.bugler@hotmail.com', 'YY#*x*$!*', '2024-06-24 12:52:38', 'Inactivo', '0'),
('912f07ca-b7e7-4729-a0e6-3e31482afc36', 'Judd Kyles', 'judd.kyles@neuf.fr', 'r!**!#6V', '2024-12-28 17:02:05', 'Activo', '1'),
('a1f59b00-464c-4fc2-a40d-7cb6c8a3e628', 'Joell Tournay', 'joell.tournay@virgilio.it', 'YhM%!*!!mb#*', '2025-02-23 22:54:24', 'Inactivo', '0'),
('04413d2e-2810-4b4b-bc4b-2c9b3b21e3ed', 'Joell MacIlory', 'joell.macilory@yahoo.com', '**1V!*@hyh@O', '2024-05-12 09:55:31', 'Inactivo', '1'),
('110802d6-6e37-45b4-86c1-c9744f822e95', 'Jillie Randalson', 'jillie.randalson@hotmail.it', 'u$mSg!!#q*&JndY*', '2024-11-16 04:29:39', 'Activo', '1'),
('a2ca560d-dc9c-495f-99e8-d5555b150f4a', 'Jarrid Sowden', 'jarrid.sowden@tiscali.co.uk', 'd!H*@*!*!##Nf', '2025-02-05 12:01:58', 'Inactivo', '1'),
('4cbc4e51-fbae-4c76-b00d-c17540069a0a', 'Janice Plan', 'janice.plan@hotmail.com', 'j!%%!%&**L&*9%*!', '2025-01-06 09:36:27', 'Activo', '1'),
('978398f2-f72b-48b0-b9fa-bfe87a727e08', 'Janenna Shellard', 'janenna.shellard@yahoo.com', '**9*9#**4#d!#', '2024-11-03 12:50:48', 'Activo', '0'),
('2b5cd486-0f7e-42b4-8639-069805f3bfd3', 'Hyacinth Moring', 'hyacinth.moring@me.com', '$!0&!%%&!!1Cl$', '2024-11-02 02:11:53', 'Inactivo', '1'),
('840ea9f3-6edc-40da-8628-252906de9b25', 'Hayden Loker', 'hayden.loker@hotmail.com', '&!C!a*!!&B!#%$', '2024-05-03 08:44:02', 'Activo', '1'),
('c050e5ce-dd25-474d-8880-ad662ef2cfb5', 'Harmon Bockmaster', 'harmon.bockmaster@orange.fr', '%*y852&**', '2024-11-04 06:33:11', 'Inactivo', '0'),
('27c39d2a-6397-4eb1-a154-c6d63411e74e', 'Haily Dearing', 'haily.dearing@gmail.com', '&f!9Z!z!5', '2024-09-22 03:27:22', 'Inactivo', '0'),
('8c020677-9ac9-4cd7-85b5-b1f0966fec4c', 'Gray Noble', 'gray.noble@aol.com', 'mg3#*#E**6x6*', '2025-01-13 15:37:15', 'Activo', '1'),
('f2159f66-8c43-4d55-a1a6-0cc3002e9211', 'Grantham L''Hommee', 'grantham.lhommee@outlook.com', '%qc*!L1!*x', '2025-01-18 18:30:26', 'Inactivo', '0'),
('6231c68c-9935-40e4-a633-7d269eb01f7d', 'Gayle Roskelley', 'gayle.roskelley@gmx.de', '8!%32!*T*u7', '2024-07-24 06:36:18', 'Inactivo', '1'),
('5e1f00be-9d5d-4bd0-8a97-d54a8f3ac5db', 'Gale Andreutti', 'gale.andreutti@gmail.com', 'F*oX!#bk', '2024-06-19 21:04:46', 'Inactivo', '0'),
('3362e701-438a-4c5f-ab11-8fef360e1d92', 'Freeman Blas', 'freeman.blas@gmail.com', 'GRV$&q1U81!*!&', '2024-10-17 13:20:09', 'Inactivo', '1'),
('f60ddf01-6601-4926-9894-855d8a934d2c', 'Freddie Gajownik', 'freddie.gajownik@yahoo.fr', '*mW%h!**MwK5!', '2025-02-21 08:07:16', 'Activo', '1'),
('197ad342-0b9d-445c-8bbe-e467ffdcd03c', 'Fey Tappin', 'fey.tappin@hotmail.com', '!7!3DW*!J!', '2024-06-27 06:26:19', 'Inactivo', '0'),
('88f121e4-4b14-4dfe-b51c-615a928e803f', 'Evangeline Conquer', 'evangeline.conquer@gmail.com', '!1!y!f!$&@3!$&', '2024-09-22 04:36:11', 'Inactivo', '0'),
('01a44e0b-695b-4eeb-835b-e7183766af2d', 'Enrica Poley', 'enrica.poley@ymail.com', '4!v!sk6I', '2024-05-24 19:43:13', 'Activo', '0'),
('11ebc63f-2307-4ea1-95e9-53b3290fcec9', 'Emile Huckle', 'emile.huckle@hotmail.com', 'v!!U&*D4**L72hq%', '2024-04-13 23:05:43', 'Inactivo', '0'),
('14f51e05-9daf-4135-b1fc-ec02a890110c', 'Elihu Eddie', 'elihu.eddie@yahoo.com', '1N4nvZ*%QR', '2024-11-11 14:28:45', 'Inactivo', '0'),
('03656c1f-8003-4c62-ba49-ebc9c79d7a60', 'Elaina Chaffyn', 'elaina.chaffyn@gmail.com', '$kb*8!I$Iw!!8', '2025-03-04 02:52:13', 'Activo', '1'),
('95109fa4-9ce8-4fd7-95c9-153d1e869ff1', 'Edd MacDuff', 'edd.macduff@hotmail.com', '$K1*!Ta&#!$%*', '2025-03-11 11:45:27', 'Activo', '1'),
('df7c2af7-506f-496e-9d4c-6bb9421d1b42', 'Eberhard Tesche', 'eberhard.tesche@hotmail.com', '!8sF&%7kj', '2024-09-15 23:52:20', 'Activo', '1'),
('dd0bda0f-720d-4a3e-950c-b026d3e5f1f6', 'Delbert Lappine', 'delbert.lappine@ymail.com', '&!0B$!&B#**3RQ!2', '2024-10-11 22:35:42', 'Activo', '0'),
('c1ff8c6b-95d8-4473-a3b7-283a39e646d2', 'Darleen Kann', 'darleen.kann@yahoo.ca', '0wj$47$d*!g7', '2024-09-21 07:16:44', 'Inactivo', '0'),
('52312519-63e4-4fe6-8ff6-baa93c56bcd5', 'Darcy Garrett', 'darcy.garrett@hotmail.fr', '**!!%t!!Xb*@', '2025-02-15 10:36:14', 'Activo', '1'),
('7a6210d2-f641-41b4-a543-4f7dfdf30f9b', 'Danyette Mitchelson', 'danyette.mitchelson@gmail.com', '@**4!*J8&4#**', '2024-12-04 17:08:48', 'Activo', '0'),
('2e4a8ae6-d010-48b6-bd7c-cb4d853548a6', 'Danni Littleton', 'danni.littleton@hotmail.fr', '07*****2L', '2025-01-09 04:09:36', 'Inactivo', '1'),
('c6d520a4-e4b2-4f0d-9086-ae0b00c1ea1e', 'Curtis Launder', 'curtis.launder@gmail.com', 'Z7M!G*$c*5#%', '2024-06-18 09:21:59', 'Inactivo', '0'),
('55a77a8f-3795-4b02-8748-9a0303e3388f', 'Crissy Lethbrig', 'crissy.lethbrig@gmail.com', '**!*F3!8#o@x$$d', '2024-07-04 09:44:50', 'Activo', '1'),
('05627860-c35e-4fbf-b072-2b2d57afd628', 'Corny Screaton', 'corny.screaton@yahoo.com', 'S&*24fp9Kt8%*!', '2025-03-22 22:59:04', 'Inactivo', '1'),
('5340d672-0b7b-4986-a40b-af337d594185', 'Constanta Treacher', 'constanta.treacher@rediffmail.com', '*V$4&5Pi', '2024-06-15 20:44:09', 'Activo', '1'),
('f54e1e81-9e23-453c-b2e8-67a32adfca4b', 'Codi Brugh', 'codi.brugh@yahoo.com', '!2!#%G!!%', '2024-12-12 16:38:04', 'Inactivo', '1'),
('b9d28eda-f871-48a8-bb4e-2f3ed101a273', 'Claresta Minithorpe', 'claresta.minithorpe@gmail.com', '!!64#W&%!s!*!%', '2025-03-25 12:07:09', 'Inactivo', '1'),
('7c740bfa-8d11-4f43-996c-5f1fded8d38c', 'Christine Hause', 'christine.hause@yahoo.com', '*21W*6&$*Qc*u', '2024-06-17 13:54:02', 'Inactivo', '0'),
('b9f1f844-f3b2-4487-a127-c2793b5cd6dc', 'Cathryn Escot', 'cathryn.escot@hotmail.com', '6!k92628!4nN5', '2025-01-23 20:55:29', 'Activo', '1'),
('7bb34f59-a57d-4593-aa7c-81dabc4f1747', 'Camila Shields', 'camila.shields@gmail.com', '*t64Ud#4*&', '2025-01-03 08:35:00', 'Inactivo', '0'),
('67adb3bb-8b10-447a-ba2c-797fa2f700d4', 'Cale Sangwine', 'cale.sangwine@yahoo.com', 'rK5*B!0u!!!&*kB#', '2025-01-19 11:51:35', 'Inactivo', '0'),
('0f72bd3f-661f-4afc-ba62-82685cf9315e', 'Britni Spencley', 'britni.spencley@gmail.com', '2*6**CwRZ&e8*', '2024-10-30 11:13:49', 'Inactivo', '1'),
('e5e6481a-c867-4b72-905a-46d08ae18b33', 'Brear Laherty', 'brear.laherty@hotmail.com', '4!***03!B', '2024-12-24 16:14:12', 'Activo', '1'),
('8bea6961-66d0-4c45-ab46-0ebd43a8590c', 'Blinnie McComish', 'blinnie.mccomish@rambler.ru', 'H%*j$&#JB!&F!*!', '2025-02-06 12:20:53', 'Activo', '0'),
('7e2b82d1-b5ba-4b4c-8f5a-f7ea820244da', 'Bert Asif', 'bert.asif@gmail.com', '%j*X!XO*p**%EhoQ', '2024-07-29 08:54:04', 'Activo', '0'),
('16bbc4b5-c29b-42f3-95a2-b05baba21856', 'Barris Pestricke', 'barris.pestricke@yandex.ru', 'EY7r!pW8*$', '2024-07-28 00:25:35', 'Activo', '0'),
('2252d60a-783e-412c-bd7d-ccfc4f0a5481', 'Barnabas Joskovitch', 'barnabas.joskovitch@hotmail.com', '7&b*kP7*', '2025-01-20 07:28:39', 'Activo', '1'),
('04272f8b-c076-4596-8e61-a422b4652047', 'Ashlen Silbermann', 'ashlen.silbermann@msn.com', '&N3*7!6V%', '2025-02-06 02:05:13', 'Activo', '0'),
('cd9c2232-d9c4-4cc2-8dc9-2e2dd22ac2d5', 'Arlinda Durrington', 'arlinda.durrington@yahoo.com', 'z&8**E!p', '2024-06-14 04:54:00', 'Activo', '1'),
('0000b812-ea95-4fbf-ab70-e778257b331f', 'Ardeen Huegett', 'ardeen.huegett@hotmail.com', 'Q*wv4tJ*3Q', '2024-11-08 05:33:58', 'Inactivo', '0'),
('3b94ee6d-1fbb-470e-ac3c-c45cb04d3402', 'Antonella Airton', 'antonella.airton@hotmail.com', '*7!!$CH1N!!@', '2024-11-20 14:20:15', 'Activo', '0'),
('89f90f23-7172-4221-9695-d3d5ecec304d', 'Allayne Konneke', 'allayne.konneke@msn.com', '&X$!*0r*!OL', '2024-11-10 06:14:43', 'Activo', '0'),
('d23c7e9f-21e9-4665-9183-f1e643500d05', 'Alexina Corbishley', 'alexina.corbishley@yahoo.co.in', '*%h&&S!y*', '2025-02-23 16:25:17', 'Inactivo', '1'),
('727fdc68-afac-486a-9e05-31169bb60918', 'Aigneis Tassell', 'aigneis.tassell@yahoo.co.in', '!T1i!uA$K%*!', '2024-08-28 19:07:15', 'Inactivo', '1');


-- fabricate-flush


INSERT INTO "vehicle" ("id", "model", "plate", "capacity", "mileage", "last_maintenance_date", "status", "created_at", "is_deleted") VALUES
('50a64b29-f413-4666-8338-c3ac088629a3', 'Grand Cherokee', 'ZWA-8069', '60', '312494', '2024-12-08 08:04:08', 'Activo', '2024-12-05 22:30:05', '1'),
('36fe1c48-d2cb-4a40-9419-d9d1ab0820e0', 'Maxima', 'ATT-369', '30', '614274', '2024-08-22 07:41:53', 'Activo', '2024-06-03 02:00:56', '1'),
('4778d494-9521-4f67-8f03-4e1c14afd0d3', 'Transit Connect', 'MVR-0261', '5', '869509', '2024-07-22 12:26:07', 'Activo', '2024-08-11 22:09:41', '0'),
('0b18e94e-a785-4aa5-8fba-59306771b9c0', 'S-Series', 'QXP-2307', '5', '408309', '2025-02-03 20:24:32', 'Activo', '2024-08-14 00:31:27', '1'),
('65c19c44-27f9-4269-a13c-b1e89db9b45b', 'Golf III', 'FMR-708', '59', '859347', '2024-05-22 22:57:53', 'Activo', '2024-06-21 17:48:59', '1'),
('8a0be2c8-5063-4bee-b878-17fff007611e', 'Space', 'CNV-703', '58', '872480', '2024-12-11 16:28:58', 'Activo', '2024-07-27 23:07:53', '1'),
('0dd71a68-0f12-495f-859a-aeac6a5ccdf4', 'Chariot', 'IEK-186', '58', '43257', '2025-02-06 02:32:21', 'Activo', '2024-08-14 06:43:27', '0'),
('e0e62249-001b-4f9c-85b2-62f5760c29f5', 'Diablo', 'PBE-8990', '54', '153303', '2024-05-09 18:19:01', 'Activo', '2024-05-27 17:21:01', '1'),
('d0b98c12-0947-418d-8de0-234d76b46a4f', 'Diablo', 'EFO-0557', '53', '899268', '2025-01-08 11:21:43', 'Activo', '2024-05-09 07:03:55', '0'),
('c39230ac-161a-46b7-bafc-672747be94c2', 'Caravan', 'TKZ-556', '60', '545156', '2024-12-28 09:52:02', 'Activo', '2024-05-14 05:48:14', '0'),
('f3ca9b8d-ad33-411d-a089-4339481ce135', 'New Beetle', 'ZDF-807', '19', '952257', '2024-07-20 22:14:58', 'Activo', '2025-01-22 02:32:51', '0'),
('fd871980-54ea-4d6f-9a23-27d816126838', 'Cutlass Supreme', 'PHQ-261', '60', '215192', '2024-06-24 22:43:07', 'Activo', '2024-08-17 07:33:34', '1'),
('89360b62-1885-471a-9366-0e01d28d86f6', 'Villager', 'BYB-4573', '17', '173948', '2024-07-23 14:33:58', 'Activo', '2024-11-25 03:23:55', '1'),
('d1e55d00-5e8e-4b68-98b9-36ceaeb487db', 'Grand Prix', 'PGO-844', '60', '356975', '2024-05-05 08:11:43', 'Activo', '2025-01-20 07:51:52', '0'),
('d7e86721-a38a-49f2-8d28-e535e36154b7', 'Corolla', 'LVF-9402', '47', '7198', '2025-03-03 11:57:15', 'Activo', '2024-12-28 23:16:19', '0'),
('e553ed60-c6d2-4124-b2a7-115f0ff285eb', 'Prizm', 'UIU-333', '32', '444364', '2024-07-19 19:25:20', 'Activo', '2025-04-02 05:26:40', '1'),
('9dfd46fa-8278-4b46-a1ad-33e330ae2e96', 'RX', 'KYQ-665', '28', '469828', '2025-01-24 18:39:23', 'Activo', '2024-10-05 19:23:21', '0'),
('4039b00e-1676-484a-9903-edc5ca83a56e', 'Canyon', 'CSP-6443', '97', '496417', '2024-05-02 15:41:36', 'Activo', '2024-04-21 05:43:51', '0'),
('10155561-791b-415e-8c4f-c31079ebb7ad', 'Camaro', 'SQF-4087', '75', '881595', '2024-04-07 06:37:32', 'Activo', '2024-11-22 01:20:43', '0'),
('1861a9f3-5635-4893-b948-55ed50fe1663', 'E-Class', 'VTZ-0166', '30', '242227', '2024-11-08 21:35:20', 'Activo', '2024-11-12 14:52:31', '1'),
('0f258cc6-f6c5-44c8-9d4c-f015666e3587', '7 Series', 'EJD-425', '96', '311636', '2024-11-21 04:33:13', 'Activo', '2024-11-07 00:49:25', '1'),
('dc9a87da-f492-4999-be7f-d48cabf63e9e', 'Sebring', 'QFI-0285', '84', '72550', '2025-01-29 02:35:15', 'Activo', '2025-03-18 23:06:39', '0'),
('2f1b2801-a134-41ff-9806-2235a38fd2a6', 'DBS', 'KBF-938', '3', '984198', '2024-10-05 09:30:20', 'Activo', '2024-04-17 01:12:46', '0'),
('0cceb620-7c81-4ea0-8de9-b10a2494f70b', 'GS', 'FXC-591', '14', '724275', '2024-07-19 13:10:36', 'Activo', '2025-03-19 22:55:11', '0'),
('83669e9a-88ce-45e4-ae30-45d0d0343a18', 'Villager', 'BGC-2252', '67', '855333', '2024-04-13 03:50:00', 'Activo', '2025-01-03 07:29:47', '0'),
('7b2a775b-2695-4564-9ec1-2e06a6d07c70', 'RX-7', 'EPM-0737', '80', '114319', '2024-08-24 02:20:37', 'Activo', '2024-06-27 20:15:52', '0'),
('495f716e-6137-4750-84a7-3ea46d58bebe', 'GranTurismo', 'WKA-151', '98', '199290', '2024-08-17 13:08:47', 'Activo', '2024-09-03 00:48:39', '1'),
('8377c683-d5b3-4e11-96db-cbfdc117eccf', '626', 'THX-246', '23', '792581', '2024-10-22 13:01:00', 'Activo', '2024-05-19 20:58:29', '0'),
('25d1ec4a-cd37-445a-80a5-949d45c30c48', 'Durango', 'BMR-9846', '80', '434341', '2024-09-23 14:00:56', 'Activo', '2025-03-19 21:16:08', '0'),
('e79dacbd-3564-44b9-9474-a32e0c4f8579', 'F150', 'KOS-5677', '9', '77166', '2024-11-11 19:48:06', 'Activo', '2024-09-26 07:45:31', '1'),
('5c9e2c5e-cb00-45a0-9efe-feefc79a3282', 'Mountaineer', 'PSZ-336', '87', '530249', '2024-05-11 07:46:20', 'Activo', '2024-09-16 22:36:02', '0'),
('0c111fd4-7770-4be9-808b-a4d9b255da53', 'Cavalier', 'XCX-8423', '15', '325151', '2024-12-24 11:50:43', 'Activo', '2024-11-17 16:02:38', '0'),
('53e0114a-091a-4a2f-9732-26dfa5b2ac9c', 'Voyager', 'ALY-629', '31', '202106', '2024-08-25 00:17:49', 'Activo', '2024-12-22 15:42:07', '1'),
('f681b3c0-8406-4f15-8ee0-7431cbc8b50f', 'Sebring', 'CTR-6826', '58', '248122', '2024-09-04 14:34:24', 'Activo', '2024-09-17 07:20:54', '0'),
('08547aa1-e339-4b8d-951c-368618b3346d', '100', 'PYT-7184', '69', '491069', '2024-06-25 13:08:43', 'Activo', '2024-12-02 11:40:28', '1'),
('820ee710-e913-42f4-930d-987ebe8fda58', 'Rogue', 'ERO-7732', '38', '402024', '2025-04-01 17:24:52', 'Activo', '2025-02-10 01:46:35', '1'),
('8fd611d2-5660-42f2-bb5b-bb5905de9295', 'Mark VIII', 'ZNK-152', '37', '452647', '2024-11-07 12:01:05', 'Activo', '2025-02-15 17:21:57', '0'),
('52917622-fa13-47d5-b097-4c95bca6765a', 'Ram 3500', 'ONU-6117', '69', '273991', '2024-07-23 08:29:31', 'Activo', '2024-08-17 23:24:53', '0'),
('0f92fd38-fca2-48d6-ae4e-177eb76f8c0b', '2CV', 'WVK-8480', '41', '715285', '2025-01-13 07:28:11', 'Activo', '2024-06-08 01:10:12', '0'),
('0e77db38-89a9-4234-995b-a856a7816c3c', 'G35', 'ORU-9976', '75', '950210', '2024-12-20 04:06:50', 'Activo', '2024-05-25 11:56:34', '1'),
('e4b44126-864c-4e4d-bb55-002bd9957b45', 'Silhouette', 'NNR-415', '64', '603581', '2024-10-30 10:39:08', 'Activo', '2024-10-25 04:24:25', '1'),
('626eb539-4a8c-4500-94a4-087623687100', 'Express 1500', 'JOE-9297', '30', '652405', '2024-10-30 06:50:33', 'Activo', '2024-04-04 21:54:04', '0'),
('9338823f-8564-45f3-9078-c02c28bd3f60', 'Mark VIII', 'MCB-761', '26', '579663', '2024-12-08 04:50:57', 'Activo', '2024-12-11 02:04:53', '1'),
('c6d7dceb-9873-448c-99d8-6245df843675', '350Z', 'JTD-3921', '57', '465494', '2024-12-27 13:58:27', 'Activo', '2024-07-20 09:10:07', '1'),
('62c6c052-51ef-42d9-8a0d-b895f8bda9e5', 'Cherokee', 'AIN-8017', '64', '811736', '2025-04-02 20:47:23', 'Activo', '2024-10-02 20:04:12', '1'),
('dcaf0187-d831-442a-be77-bb1ab7e874b9', 'Sonoma', 'YFK-1765', '5', '204912', '2025-01-23 20:38:18', 'Activo', '2025-02-24 01:40:45', '0'),
('e839aa82-abbf-4a53-9352-0cd41a8cf2c2', 'Oasis', 'RPW-6767', '19', '155499', '2024-10-07 23:14:57', 'Activo', '2024-09-26 01:05:34', '1'),
('860ddb49-f214-4c01-9212-d6d9f28eb5f9', 'D350', 'NLN-932', '84', '560575', '2024-12-24 07:09:04', 'Activo', '2024-11-05 04:06:22', '0'),
('0d15913a-e94b-4e87-81ff-2df98229d86c', 'Phaeton', 'KWN-5776', '16', '744844', '2024-10-29 10:18:31', 'Activo', '2025-01-28 06:36:34', '1'),
('f067ed79-0cff-4335-8e6c-a60bacc11b02', 'Quattro', 'MDG-6904', '56', '517406', '2024-05-26 02:39:18', 'Activo', '2025-03-16 04:15:16', '1'),
('665d9902-9912-442e-9ab4-c6c2445529de', 'F-Series', 'GSP-098', '6', '87760', '2024-04-20 20:24:12', 'Activo', '2024-12-13 11:15:40', '0'),
('05e668f7-f155-41f6-a427-c7e6026ad433', 'Azera', 'WYX-258', '6', '397101', '2024-09-26 11:19:08', 'Activo', '2024-07-26 20:24:55', '1'),
('de26fea3-5024-4d4f-9d3d-2e2d7dc2153b', 'Ram 1500', 'EGK-4915', '46', '52924', '2025-03-30 08:57:34', 'Activo', '2024-11-10 04:27:46', '0'),
('72f59d54-2989-4cde-bb6b-a9b77c53ea3c', '911', 'SBB-0816', '79', '611637', '2024-07-29 07:23:41', 'Activo', '2024-04-14 05:41:22', '1'),
('bd1c1004-a63d-4681-8a8d-a81827a83b7c', 'Trooper', 'CAV-7999', '94', '127945', '2024-07-16 03:53:35', 'Activo', '2024-08-31 22:08:19', '0'),
('245122e9-0f15-4b39-a574-c84e1a5dfb74', 'E-Class', 'SRS-4114', '19', '979821', '2024-12-11 07:27:55', 'Activo', '2025-02-02 14:52:11', '0'),
('7a4b64e0-d14d-418b-a672-7913cde0b0c0', 'S80', 'BLG-249', '75', '412442', '2024-05-06 16:42:58', 'Activo', '2024-05-05 02:34:58', '1'),
('e2bb2924-edb9-440d-8e56-36ee7ff316f0', 'H3', 'MBZ-8874', '73', '18109', '2025-02-01 06:02:37', 'Inactivo', '2024-07-03 18:02:14', '1'),
('b6b1900b-f4fe-4e87-b319-f8b763258106', 'Escort', 'KZY-068', '13', '55963', '2024-08-24 02:13:32', 'Inactivo', '2024-11-10 17:28:00', '1'),
('f580a64c-b424-4289-97cf-9f4f8906256f', 'Mighty Max', 'TEU-510', '93', '794739', '2025-01-28 00:19:30', 'Inactivo', '2024-12-18 04:00:02', '0'),
('dad1267b-4097-4c7c-afde-2d9ebfaaf392', 'Impreza', 'MQS-1786', '73', '464195', '2024-04-21 02:21:08', 'Inactivo', '2024-12-05 02:37:30', '1'),
('0eefa813-597e-4c36-bbde-69195abef619', 'Suburban 1500', 'BGD-4601', '88', '485838', '2025-03-02 02:20:48', 'Inactivo', '2024-07-09 00:12:40', '0'),
('5297ff0c-02b3-418c-a92b-1d12a064937b', 'Grand Marquis', 'IIQ-920', '96', '899846', '2024-06-15 18:01:29', 'Inactivo', '2024-07-30 05:33:11', '0'),
('af148355-c6f5-476f-8fbf-6a2be524afd1', '1500', 'RYI-4056', '97', '699868', '2024-04-17 01:25:36', 'Inactivo', '2024-07-24 13:05:19', '0'),
('2adcea32-8541-4696-9a0d-49adcce84967', 'Quest', 'XWX-4735', '90', '681100', '2024-08-03 21:22:35', 'Inactivo', '2024-08-15 17:25:49', '0'),
('1470a406-3761-4404-9531-520164e56650', 'Ram Wagon B350', 'IMY-1385', '62', '274153', '2024-08-10 22:07:43', 'Inactivo', '2024-11-25 15:41:15', '1'),
('0df4e602-c426-42a1-b7be-dcbd734c2425', 'Festiva', 'GIH-1865', '54', '878023', '2024-06-24 00:59:06', 'Inactivo', '2024-11-14 10:08:59', '0'),
('3970dfa4-63f4-40f1-9dde-497db4fa09bb', 'SL-Class', 'OVE-5136', '91', '743181', '2024-06-07 18:50:02', 'Inactivo', '2024-07-24 21:04:07', '1'),
('091b03e8-4533-4704-b192-0bd164971fff', 'S-Class', 'WDE-3245', '73', '166798', '2024-11-16 15:30:51', 'Inactivo', '2024-05-26 01:19:35', '1'),
('c4f17b9d-c987-46d4-b480-f44db30095bc', 'Passat', 'DQR-2904', '49', '475228', '2025-01-10 14:20:19', 'Inactivo', '2024-08-23 23:09:43', '1'),
('0b7b02cf-f862-483a-81d7-8194dc16a333', 'Sunbird', 'TRL-819', '21', '81442', '2024-06-03 00:21:49', 'Inactivo', '2024-07-11 08:12:21', '0'),
('54097635-d516-42b9-bd81-476afee73be7', '2500', 'IBL-6129', '46', '758330', '2025-01-11 18:10:33', 'Inactivo', '2025-03-20 22:09:43', '0'),
('6c0c241e-f3a2-417c-b33e-1793a28a9d47', 'Ram 1500', 'XJR-2367', '9', '496718', '2024-08-15 08:23:49', 'Inactivo', '2025-02-14 00:47:56', '0'),
('5b383b08-4744-4bac-ae9d-75ff844b0521', 'Rondo', 'XYV-621', '45', '317319', '2024-07-22 08:19:08', 'Inactivo', '2024-12-17 10:45:58', '1'),
('984c62fb-bb25-4849-8798-0a91033e54a4', 'Roadmaster', 'VPZ-6203', '62', '432469', '2024-05-09 11:30:50', 'Inactivo', '2024-07-19 15:43:23', '0'),
('ed8d3c2a-87f1-474f-a1dd-eebe576867e4', 'Allante', 'ICD-177', '58', '537422', '2025-02-24 16:06:55', 'Inactivo', '2024-09-15 09:29:39', '0'),
('1a85818d-5201-44c9-a385-dc7f22a46729', 'Crown Victoria', 'RFG-668', '47', '910201', '2024-09-20 14:07:47', 'Inactivo', '2025-03-25 12:25:28', '0'),
('290e5b8c-298b-4a5d-b4d7-2b633f92cab5', 'Chariot', 'MPB-6679', '15', '253602', '2024-11-19 23:36:42', 'Inactivo', '2025-03-11 04:23:58', '0'),
('d1f709aa-706c-4fc1-a4ee-c077849584d5', 'Accent', 'SPT-9159', '11', '12625', '2025-01-03 07:54:30', 'Inactivo', '2024-06-08 09:28:11', '1'),
('38f976ab-50c3-46c0-9e10-bac1f2283d51', 'Sierra 2500', 'QSD-1021', '76', '285417', '2025-02-20 21:36:13', 'Inactivo', '2024-11-10 05:05:39', '1'),
('0eddad85-4e76-4cc8-b360-39ecc0a56833', 'Envoy XL', 'GRL-233', '53', '41820', '2025-03-01 11:14:19', 'Inactivo', '2025-02-25 23:52:57', '1'),
('5d4f4e9a-9085-4ab3-85a7-7aea155828c9', 'XK', 'GCD-2839', '8', '402081', '2024-06-09 12:54:26', 'Inactivo', '2024-11-14 20:57:03', '1'),
('69374fcd-a013-47f6-877d-f0e3dcecc810', 'Express 3500', 'NHB-597', '86', '219304', '2025-01-27 10:57:16', 'Inactivo', '2025-01-24 12:36:57', '1'),
('b897d06a-401b-4d7c-8a81-99641cda907e', 'Patriot', 'XOP-1868', '26', '315605', '2024-12-16 06:56:22', 'Inactivo', '2024-08-01 15:14:05', '1'),
('567d7546-0436-499b-98b9-167e17fe0957', 'Grand Caravan', 'VHJ-5355', '18', '466527', '2025-03-21 15:46:35', 'Inactivo', '2024-12-27 20:14:04', '0'),
('e6f9271b-b99b-44d7-ad69-0b4e0234bafb', 'Ram 1500', 'HAS-668', '30', '470516', '2025-01-05 04:26:33', 'Inactivo', '2024-04-16 23:34:04', '1'),
('cf3ffa62-512c-4788-a52d-7d14aacb175b', 'FX', 'SLG-977', '11', '70305', '2025-02-27 10:37:41', 'Inactivo', '2024-05-23 16:29:30', '0'),
('380c5f1a-dfb3-43db-850c-85553be72177', 'Pathfinder Armada', 'IZF-6736', '27', '112769', '2024-06-21 05:39:13', 'Inactivo', '2024-11-22 19:58:27', '0'),
('9b658611-739a-4c5a-aa4a-806ad7f573f6', 'Sportage', 'MAZ-333', '36', '695885', '2024-09-01 05:04:06', 'Inactivo', '2024-05-10 17:37:15', '1'),
('67a9d1bd-a1c3-46a2-8c74-2e851bb877fb', '5 Series', 'SIC-417', '6', '910966', '2024-10-02 00:45:38', 'Inactivo', '2025-02-10 14:23:41', '1'),
('a2a04b05-5fda-4925-bd1f-3bb62be1bfe3', 'XC70', 'KVU-854', '94', '387549', '2025-03-26 00:32:19', 'Inactivo', '2024-04-28 04:22:58', '1'),
('9d5e1e7c-c86e-4311-ba34-1907aa20974f', 'E350', 'LPD-916', '21', '248177', '2025-01-12 14:45:00', 'Inactivo', '2024-11-15 00:38:13', '1'),
('8cba2f69-1b4b-452d-8ad6-036ad10a6133', 'Crown Victoria', 'BXT-352', '17', '364627', '2024-07-26 03:13:10', 'Inactivo', '2025-02-25 03:47:06', '1'),
('c334ea57-e779-4f59-933f-9a3987df6eb1', '2500', 'GBA-327', '85', '577352', '2025-02-23 10:56:51', 'Inactivo', '2024-06-12 03:14:50', '1'),
('1a442132-c0b9-488d-a119-41f21ec3b848', 'Avalon', 'NSS-7098', '16', '894688', '2024-12-14 06:06:05', 'Inactivo', '2024-08-18 10:01:51', '0'),
('b7f16f9f-97fc-4b61-b8b9-7cb6253a2288', 'B-Series Plus', 'GMX-8357', '20', '129919', '2025-01-30 21:01:45', 'Inactivo', '2024-07-02 17:24:40', '0'),
('8da24a07-f972-4616-b3b0-0c5d2361cc16', 'B-Series', 'SGK-337', '94', '318104', '2024-12-11 21:33:06', 'Inactivo', '2025-01-07 09:41:12', '1'),
('5553129f-6f2b-4272-84cf-badabe94d033', 'Altima', 'KEJ-0701', '11', '892953', '2025-02-28 06:21:45', 'Inactivo', '2024-10-08 19:20:34', '1'),
('f5d0d4c6-6260-401d-a313-dbd2cda275f7', 'Express 1500', 'BHK-3746', '87', '21211', '2024-09-19 05:42:02', 'Inactivo', '2024-11-11 19:48:37', '1'),
('8cd6eabe-30ff-4474-baf1-3e5b7f76fe87', 'Echo', 'YAI-2553', '30', '660757', '2024-10-10 08:22:34', 'Inactivo', '2024-12-27 16:55:06', '0');


-- fabricate-flush


INSERT INTO "vehicleinspection" ("id", "trip_id", "vehicle_id", "kilometer", "engine_status", "tire_condition", "brake_status", "fuel_level", "notes", "inspection_date", "created_at", "status", "is_deleted") VALUES
('8c4599af-9f94-4968-a81d-4c481293dda8', '014a5efe-3af9-43de-933c-889b56abf736', '50a64b29-f413-4666-8338-c3ac088629a3', '131599', 'Faulty', 'Damaged', 'FailureImminent', '70', 'Hoc scribendi, etsi sit elegans, personae tamen et dignitatis esse negent. Contra quos omnis dicendum breviter existimo. Quamquam philosophiae quidem vituperatoribus satis responsum est eo libro, quo a populo Romano locatus sum.', '2024-04-27', '2025-03-18 07:22:44', 'Activo', '0'),
('14701f24-8b5b-4ea7-829c-808dcc776a57', 'b092bda0-83bb-4d10-9bbf-eee474480a31', '50a64b29-f413-4666-8338-c3ac088629a3', '450213', 'Faulty', 'New', 'FailureImminent', '61', 'Quae pertinerent ad bene vivendum aptior partitio quam illa, qua.', '2024-08-22', '2025-01-07 03:26:30', 'Activo', '0'),
('8214e9e8-d8cd-4a2c-9224-d0f1f003e1e5', '810430e1-abd7-4bdb-8e62-0e5a343ddfa2', '36fe1c48-d2cb-4a40-9419-d9d1ab0820e0', '13734', 'Running', 'New', 'Operational', '3', 'Dicturam pater aiebat, si loqui posset. Conclusum est enim contra Cyrenaicos satis acute, nihil ad Epicurum. Nam si concederetur, etiamsi ad corpus referri, nec ob eam causam non.', '2024-11-04', '2024-05-24 13:34:17', 'Activo', '1'),
('c45fdbe2-727d-472c-8b11-c43b7da0bc34', 'f3a837d9-734f-49d9-989f-0b0e5482abb9', 'e2bb2924-edb9-440d-8e56-36ee7ff316f0', '328512', 'Running', 'New', 'Operational', '23', 'Est summum esse bonum quicquam nisi nescio quam illam umbram, quod appellant honestum non tam solido quam splendido nomine, virtutem autem nixam hoc honesto nullam requirere voluptatem atque ad beate vivendum se ipsa esse contentam. Sed possunt haec quadam.', '2025-03-21', '2024-11-05 18:29:20', 'Activo', '0'),
('e3a0bd46-fd45-4271-a4e5-e997c9778281', '24a05549-a575-47b9-abb3-313dce88dcf0', 'e2bb2924-edb9-440d-8e56-36ee7ff316f0', '3591', 'Running', 'Damaged', 'Operational', '0', 'Metum religionis et sedatio animi omnium rerum occultarum ignoratione sublata et moderatio natura cupiditatum generibusque earum explicatis, et, ut dixi, ad lineam, hunc naturalem esse omnium corporum motum. Deinde ibidem homo acutus, cum illud ocurreret, si omnia dixi hausta e fonte naturae, si tota oratio nostra omnem sibi fidem sensibus confirmat, id.', '2024-12-15', '2024-05-12 01:46:38', 'Inactivo', '1'),
('de48c261-f324-46d7-bbea-64a1aa32c316', '6cdf2c20-4ee8-4a9e-bc8a-825cc95e8095', 'e2bb2924-edb9-440d-8e56-36ee7ff316f0', '48223', 'Faulty', 'New', 'FailureImminent', '33', 'Eadem de amicitia disputatum. Alii cum eas voluptates, quae ad amicos pertinerent, negarent esse per se esse fugiendum. Itaque aiunt.', '2024-12-10', '2024-04-07 09:34:35', 'Inactivo', '0'),
('403f22eb-8a02-4022-b7dc-2f1329296f1d', 'faa4c5bb-c3fe-45e0-ba89-33e876f53046', '4778d494-9521-4f67-8f03-4e1c14afd0d3', '299578', 'Running', 'Flat', 'Operational', '4', 'Inter mediocrem animadversionem atque admonitionem. Altera occulta quaedam et horrida, de.', '2025-01-07', '2025-03-16 17:11:54', 'Inactivo', '0'),
('c74f5f62-40ac-44db-85ae-58b80803363b', '4c6f804e-c342-4b4a-a9d6-bd9e0d839e97', '4778d494-9521-4f67-8f03-4e1c14afd0d3', '109740', 'Testing', 'Flat', 'Unknown', '32', 'Huc possit, quod conetur, nec optinere, si effecerit, et opes vel fortunae vel ingenii liberalitati.', '2024-06-13', '2024-10-13 06:58:17', 'Activo', '0'),
('ee68f6f8-f99b-4369-9726-42fd525c363e', '4eb76c0d-6401-47b0-a0d4-6616799065ab', '4778d494-9521-4f67-8f03-4e1c14afd0d3', '111649', 'Testing', 'Cracked', 'Unknown', '94', 'Ratione administrari neque maiorem voluptatem ex hoc percipiatur.', '2024-06-08', '2024-05-14 01:48:12', 'Activo', '1'),
('33e8afdd-9087-41c8-8cab-c0070d082702', '84a254e9-56d5-4bbd-bea3-0005139ec1b6', 'b6b1900b-f4fe-4e87-b319-f8b763258106', '206099', 'Unknown', 'Bald', 'Satisfactory', '89', 'Perpetua malo quam interrogare aut interrogari. Ut placet, inquam. Tum dicere exorsus est. Primum igitur, inquit, sic agam, ut ipsi auctori huius.', '2024-05-25', '2024-08-09 17:50:51', 'Activo', '0'),
('649bfc1a-6ba0-4cc4-99fc-bcfd81689128', '132db00f-78d2-4290-9647-3e30f29693bf', 'b6b1900b-f4fe-4e87-b319-f8b763258106', '82803', 'Not Applicable', 'Good', 'NeedsAdjustment', '82', 'Quidem locum comit multa venustate et omni sale idem Lucilius, apud quem praeclare Scaevola: Graecum te, Albuci, quam Romanum atque Sabinum, municipem Ponti, Tritani, centurionum, praeclarorum hominum ac primorum signiferumque, maluisti dici. Graece ergo praetor Athenis.', '2024-05-25', '2024-08-12 15:02:08', 'Activo', '0'),
('b53fe166-2480-4396-b048-13e8427ae734', '0c84015f-50cb-4f86-841a-7a07007bb766', 'f580a64c-b424-4289-97cf-9f4f8906256f', '330591', 'Unknown', 'Fair', 'Satisfactory', '91', 'Melius viveremus, eas ergo artes persequeretur, vivendi artem tantam tamque et operosam et perinde fructuosam relinqueret? Non ergo Epicurus ineruditus, sed ii indocti, qui, quae pueros.', '2024-10-17', '2024-08-02 18:53:52', 'Activo', '1'),
('aec5bfb4-e1ef-4e10-9f96-6f937df6c87d', '010c0fe2-b891-4880-88c7-9a3260d0ee0b', 'f580a64c-b424-4289-97cf-9f4f8906256f', '303626', 'Stopped', 'Good', 'WornOut', '72', 'Tantum, ut, etiamsi nulla sit utilitas ex amicitia, tamen ipsi amici propter se ipsos amentur. Etenim si delectamur, cum scribimus, quis est tam invidus, qui ab eo ortum, tam inportuno tamque crudeli; sin, ut dolore suo sanciret militaris imperii.', '2025-02-01', '2024-06-15 20:29:10', 'Activo', '0'),
('f691bb56-11c9-4344-ac91-55545ce30d17', '4d4cae03-1012-4e11-8e98-4c0068ed09ee', 'f580a64c-b424-4289-97cf-9f4f8906256f', '151632', 'Idle', 'Over-inflated', 'ReplacementNeeded', '34', 'Ut Epicuro placet, nihil dolere, primum tibi recte, Chrysippe, concessum est nihil desiderare manum, cum ita esset affecta.', '2024-04-08', '2025-01-16 03:00:33', 'Inactivo', '0'),
('5c69952c-3820-43de-9f2f-77eb7b6aeae4', 'ae2cb8a7-fa02-4dcd-ba53-9c9df681f8c6', '0b18e94e-a785-4aa5-8fba-59306771b9c0', '342485', 'Stopped', 'Good', 'WornOut', '9', 'Vero probatum sit, sublatum esse omne iudicium veri et falsi putat. Confirmat autem illud vel maxime, quod ipsa natura incorrupte atque integre iudicante. Itaque negat opus.', '2025-01-28', '2024-09-18 15:20:19', 'Activo', '1'),
('ec9ff271-1673-4783-bd52-7492651f11c5', 'd90196f6-fe1a-44ef-861a-a6c5f69d9722', '65c19c44-27f9-4269-a13c-b1e89db9b45b', '311551', 'Stopped', 'Flat', 'WornOut', '84', 'Aliqua. Ut enim ad minim veniam, quis nostrud exercitation.', '2024-05-27', '2024-05-06 21:52:32', 'Activo', '0'),
('0f6e2a66-e2d1-45e9-95ac-4ea1646858c1', '598da5c7-5b7c-461b-a599-edfb3f61ceb6', '65c19c44-27f9-4269-a13c-b1e89db9b45b', '457917', 'Testing', 'New', 'Unknown', '98', 'Erit enim iam de omnium virtutum cursu.', '2024-09-27', '2025-03-01 10:54:09', 'Inactivo', '1'),
('a64797f8-3754-488a-8f51-9ed582e3aa0a', '0c6704bb-b146-4bc0-980a-0d05690358a8', '65c19c44-27f9-4269-a13c-b1e89db9b45b', '80277', 'Faulty', 'Needs Replacement', 'FailureImminent', '31', 'Ullum, quo non plus voluptatum.', '2025-02-20', '2024-05-04 06:51:27', 'Inactivo', '1'),
('09c3bac8-5d9c-42b4-885e-d8cbc9d52659', '9063fc6f-9ca6-4902-b708-93d9d9d779d6', 'dad1267b-4097-4c7c-afde-2d9ebfaaf392', '398654', 'Running', 'Worn', 'Operational', '15', 'Esse iucunda, per se esse fugiendam temperantiamque expetendam.', '2024-12-21', '2025-03-22 06:20:55', 'Inactivo', '0'),
('865e22ee-2cfe-40e9-8b15-9620846e7a8d', '6e395ac4-b6d7-47df-bd65-d674d12933aa', 'dad1267b-4097-4c7c-afde-2d9ebfaaf392', '149669', 'Operational', 'Under-inflated', 'GoodCondition', '22', 'Ut Epicuro placet, nihil dolere, primum tibi recte, Chrysippe, concessum est nihil ad iucunde vivendum reperiri posse, quod coniunctione tali sit aptius. Quibus ex omnibus iudicari potest non.', '2024-12-22', '2024-08-06 17:23:03', 'Activo', '1'),
('a003b108-a407-44c5-bda3-866651aa7e57', '41f39248-e37b-471b-a0a7-c0944b062355', '0eefa813-597e-4c36-bbde-69195abef619', '354465', 'Stopped', 'Good', 'WornOut', '61', 'Quasi voce naturae sic eam firme graviterque comprehenderit, ut omnes bene sanos ad iustitiam, aequitatem, fidem, neque homini infanti aut inpotenti iniuste facta conducunt, qui nec facile efficere possit, quod melius sit, accedere? Statue contra aliquem.', '2025-01-22', '2024-07-31 21:55:22', 'Inactivo', '1'),
('9fb2f018-171f-4fe2-a6ee-6b9060ea8305', '79132843-d701-4160-8242-d39c0600077b', '8a0be2c8-5063-4bee-b878-17fff007611e', '441085', 'Stopped', 'Needs Replacement', 'WornOut', '14', 'Quia voluptates fugiat, sed quia non numquam eius modi tempora incidunt, ut labore et dolore magna aliqua. Ut enim ad sapientiam perveniri.', '2024-06-06', '2024-05-04 16:47:56', 'Activo', '0'),
('f9252e02-44c3-4796-997e-96a70980459a', '7996934f-ce7c-42d3-8ed2-616ef88ecff8', '0dd71a68-0f12-495f-859a-aeac6a5ccdf4', '430777', 'In Repair', 'Under-inflated', 'ServiceRequired', '95', 'Illaberetur, nec manus esse contenta posset nec ulla pars vacuitate doloris sine iucundo motu voluptatis. Sin autem summa voluptas est, ut omne, quo offendimur.', '2024-09-17', '2024-11-18 22:03:08', 'Activo', '1'),
('a3f569ec-cb54-4f23-b2e4-12ed9f498105', 'd3593550-49d8-4585-b611-4b60448ed806', '0dd71a68-0f12-495f-859a-aeac6a5ccdf4', '374054', 'Not Applicable', 'Needs Replacement', 'NeedsAdjustment', '13', 'Quem in adoptionem D. Silano emancipaverat, ut eum Macedonum legatis accusantibus, quod pecunias praetorem in provincia cepisse arguerent, causam apud se dicere iuberet reque ex utraque parte audita pronuntiaret eum non talem videri fuisse in imperio, quales eius maiores fuissent.', '2024-10-24', '2024-07-23 15:59:34', 'Activo', '0'),
('fc6272ad-c5dd-4432-87dd-d2bef95632bb', 'd2ef054d-ac57-42a5-bdb9-ecec43bdad1c', '0dd71a68-0f12-495f-859a-aeac6a5ccdf4', '76255', 'Operational', 'Worn', 'GoodCondition', '62', 'Videntur, quibus nostra ignota sunt. An ''Utinam ne in nemore . . .'' nihilo minus legimus quam hoc.', '2024-09-11', '2024-10-23 05:55:33', 'Inactivo', '0'),
('ae886127-76d0-474c-bb17-b287246bcfa3', 'bfc1e4db-29c3-4846-8789-5d68a491264a', 'e0e62249-001b-4f9c-85b2-62f5760c29f5', '17586', 'Unknown', 'Flat', 'Satisfactory', '93', 'Dolor repellendus. Temporibus autem quibusdam et aut officiis debitis aut.', '2025-02-25', '2024-04-30 00:15:53', 'Inactivo', '0'),
('fb7ce340-711f-42e6-bc80-235e60dedac0', '3ded056d-fa41-4750-8025-afa73f1309ff', 'd0b98c12-0947-418d-8de0-234d76b46a4f', '373697', 'Testing', 'Flat', 'Unknown', '65', 'Et consequentium repugnantiumve ratio potest perspici. Omnium autem rerum natura cognita levamur superstitione, liberamur mortis metu, non conturbamur.', '2025-02-08', '2024-06-16 03:05:44', 'Inactivo', '0'),
('39c53087-1095-4566-aa67-6157f0b4a3ac', '63205d9d-3a4d-4228-988c-c50c83b45ee4', 'd0b98c12-0947-418d-8de0-234d76b46a4f', '172217', 'Testing', 'Over-inflated', 'Unknown', '44', 'In amicitia, et amicitia cum voluptate vivere. Huic certae stabilique sententiae.', '2024-09-04', '2024-07-23 13:23:33', 'Activo', '1'),
('b4230469-28c7-48e3-b3f0-2a27d1afff0f', '1fdeaeb4-448b-4051-8fa5-de76f79dd543', 'd0b98c12-0947-418d-8de0-234d76b46a4f', '403050', 'In Repair', 'Needs Replacement', 'ServiceRequired', '69', 'Et scientia tollitur omnis ratio et.', '2024-06-26', '2024-06-21 23:54:28', 'Inactivo', '1'),
('27583b71-df17-47dd-ae91-55d372cbe8eb', 'e5452c4b-20a9-47a1-a9e7-fc33db7110cd', '5297ff0c-02b3-418c-a92b-1d12a064937b', '72345', 'Faulty', 'Over-inflated', 'FailureImminent', '56', 'Velit, ut a Scaevola est praetore salutatus Athenis Albucius. Quem quidem locum comit multa venustate.', '2024-10-26', '2024-11-12 00:37:02', 'Inactivo', '1'),
('3d9d7f22-7899-4799-abe9-c82c97f66046', '9a703fa2-cb87-4e45-b16c-00e0b5ffa7a0', 'af148355-c6f5-476f-8fbf-6a2be524afd1', '319644', 'Running', 'Damaged', 'Operational', '22', 'Ullo metu vera sentit, non dubitat, si ita.', '2024-06-04', '2024-09-22 14:06:02', 'Inactivo', '0'),
('82faa387-b4a4-4e1f-b725-b79916a59b34', 'c2274e84-55c9-44c0-9163-401bebd0473c', 'af148355-c6f5-476f-8fbf-6a2be524afd1', '249662', 'Operational', 'New', 'GoodCondition', '68', 'Et rerum gerendarum. Sic e physicis et fortitudo sumitur contra mortis timorem et constantia contra metum religionis et sedatio animi omnium rerum occultarum ignoratione sublata et moderatio natura cupiditatum generibusque earum explicatis, et, ut dixi, ad lineam, hunc naturalem esse.', '2024-08-21', '2024-09-04 08:36:01', 'Activo', '0'),
('a4ae16a8-825d-4b57-aa13-220035892425', 'a58674fa-da41-4b2c-a486-a5d67032055f', 'c39230ac-161a-46b7-bafc-672747be94c2', '464513', 'Stopped', 'Good', 'WornOut', '33', 'Et, quod aptissimum est ad quiete vivendum, caritatem.', '2024-09-12', '2025-03-28 10:22:03', 'Activo', '1'),
('055c526a-e9be-467d-86f7-3deb9148c560', '7c44d7be-6c00-4542-81b6-e8326ac620fc', 'f3ca9b8d-ad33-411d-a089-4339481ce135', '68686', 'Running', 'Worn', 'Operational', '16', 'Naturales essent nec tamen id, cuius causa haec finxerat, assecutus est. Nam si omnes atomi declinabunt, nullae umquam cohaerescent, sive aliae declinabunt, aliae suo nutu recte ferentur, primum erit hoc quasi, provincias atomis dare, quae recte, quae oblique ferantur.', '2025-01-11', '2025-03-25 06:39:49', 'Inactivo', '1'),
('94f5138a-a55e-4962-ab41-8d3daf2380d5', 'dc69245f-ba08-4aec-9c3b-1a0eb7307198', 'f3ca9b8d-ad33-411d-a089-4339481ce135', '476342', 'Stopped', 'New', 'WornOut', '20', 'Malo quam interrogare aut interrogari. Ut placet, inquam. Tum dicere exorsus est. Primum igitur.', '2025-03-14', '2024-05-03 04:29:09', 'Activo', '0'),
('e6b53c17-6df8-4f39-b3df-073deb057bf1', '8d75ce5e-b3d5-4fed-85fe-5624b895729a', 'f3ca9b8d-ad33-411d-a089-4339481ce135', '42407', 'Not Applicable', 'Good', 'NeedsAdjustment', '4', 'Amicitia firmam et perpetuam iucunditatem vitae tenere possumus neque.', '2024-11-04', '2024-11-23 00:02:14', 'Inactivo', '0'),
('0f84dcd3-6516-4dd1-9d79-a8fd783bea2d', '4cbce436-73bc-4546-ae43-b97ccccc0a2b', 'fd871980-54ea-4d6f-9a23-27d816126838', '181031', 'In Repair', 'Under-inflated', 'ServiceRequired', '73', 'Gravioribus morbis vitae iucunditas impeditur, quanto magis animi morbis impediri necesse.', '2025-03-23', '2024-12-19 03:52:50', 'Activo', '0'),
('262052c2-d17b-4bfa-a5f1-0b7cf7921d38', 'b51b1fca-caba-47bc-ac25-0719d9bd339d', 'fd871980-54ea-4d6f-9a23-27d816126838', '124925', 'Operational', 'Under-inflated', 'GoodCondition', '32', 'Maiora enim quaedam nos natura genuit et conformavit, ut mihi quidem videtur, inermis ac nudus est. Tollit definitiones, nihil de dividendo ac partiendo docet, non quo modo efficiatur concludaturque ratio tradit, non qua via captiosa solvantur ambigua distinguantur ostendit; iudicia rerum in.', '2024-06-01', '2024-05-27 23:16:11', 'Activo', '1'),
('eff9df38-cb09-4265-96af-a96805ff5472', '4c14d548-ca6b-4ef0-91f6-d545d19aa374', '2adcea32-8541-4696-9a0d-49adcce84967', '78691', 'Operational', 'Flat', 'GoodCondition', '50', 'Malum nobis opinemur. Quod idem licet transferre in voluptatem, ut postea variari voluptas distinguique possit, augeri amplificarique non possit. At.', '2024-04-24', '2024-04-12 23:11:12', 'Activo', '1'),
('3e08dfed-6068-41bd-8f8c-733bc4894bef', '4e10bb86-562e-47e4-bbc8-128a1ea0ad4c', '1470a406-3761-4404-9531-520164e56650', '98503', 'Testing', 'Over-inflated', 'Unknown', '10', 'Sed cum ea, quae praeterierunt, acri animo et corpore voluptatibus nullo dolore nec impediente nec inpendente, quem tandem hoc statu praestabiliorem aut.', '2024-06-27', '2024-05-18 20:22:23', 'Activo', '1'),
('de3aa68c-250d-4732-941c-fad4611c50d0', 'c8dff142-0cad-4248-b106-3194fc294354', '1470a406-3761-4404-9531-520164e56650', '498546', 'In Repair', 'Over-inflated', 'ServiceRequired', '87', 'Nulla praeterea neque praesenti nec expectata voluptate, quid eo miserius dici aut fingi potest? Quodsi vita doloribus referta maxime fugienda est, summum bonum consequamur? Clamat Epicurus, is quem vos nimis voluptatibus esse deditum dicitis; non posse.', '2024-05-15', '2024-06-04 09:58:13', 'Inactivo', '0'),
('86b121dd-cb5f-4368-a4e0-b606c9e29f10', 'a7da3904-505d-47cb-8333-6d2bca7b0480', '1470a406-3761-4404-9531-520164e56650', '70603', 'Operational', 'Needs Replacement', 'GoodCondition', '89', 'Quiddam inter dolorem et voluptatem; illud enim ipsum, quod quibusdam medium videretur, cum omni dolore careret, non modo quid nobis probaretur, sed etiam quid a singulis philosophiae disciplinis diceretur, persecuti sumus. Ut autem a facillimis ordiamur, prima veniat in medium Epicuri ratio, quae plerisque notissima est. Quam a.', '2024-09-26', '2024-12-20 03:53:45', 'Activo', '1'),
('6eded2bf-51d6-468e-9200-9804061c8e35', 'c1920f16-48fd-46cc-83e6-bcff657e5951', '0df4e602-c426-42a1-b7be-dcbd734c2425', '96658', 'In Repair', 'Worn', 'ServiceRequired', '65', 'Sit elegans, personae tamen et dignitatis esse negent. Contra quos omnis dicendum breviter existimo. Quamquam philosophiae quidem vituperatoribus satis responsum.', '2024-12-08', '2024-04-03 16:52:58', 'Inactivo', '1'),
('ce8b029a-5877-4044-a035-c0a9b8a357b5', '596b83b7-7c70-45df-96a7-13765eb8c346', '0df4e602-c426-42a1-b7be-dcbd734c2425', '84558', 'Operational', 'Under-inflated', 'GoodCondition', '16', 'Omnium ponderum, ut ipse constituit, e regione ferrentur et, ut modo docui, cognitionis regula et iudicio ab eadem illa constituto veri a falso distinctio traditur. Restat locus huic disputationi vel maxime necessarius de amicitia, quam, si voluptas esset bonum.', '2024-12-05', '2024-05-31 12:26:02', 'Activo', '0'),
('585d4017-e87d-4ac4-b04c-ebcb65ceb54b', '82ab48a2-f5d0-4b7c-970b-4eea9ab76ac7', '0df4e602-c426-42a1-b7be-dcbd734c2425', '458721', 'Operational', 'Cracked', 'GoodCondition', '39', 'Non probo, inquam. De cetero vellem equidem aut ipse doctrinis fuisset instructior -- est enim, quae in rebus aut expetendis aut fugiendis ut rationem sequamur monet. Nec enim.', '2024-08-23', '2024-10-13 10:32:19', 'Activo', '1'),
('ccea0632-66e0-4379-a6a7-77156a3147c5', 'f18680b1-8214-4fd0-8392-373da9ebc20f', '89360b62-1885-471a-9366-0e01d28d86f6', '57531', 'Not Applicable', 'Over-inflated', 'NeedsAdjustment', '88', 'Ruant itaque turbent, ut earum motus et impetus quo pertineant non intellegamus, tu tam egregios viros censes tantas res gessisse sine causa? Quae fuerit causa, mox videro; interea hoc tenebo, si ob aliquam causam ista, quae sine dubio praeclara.', '2024-06-23', '2024-12-30 14:18:02', 'Activo', '0'),
('96a808bd-da46-486e-8ea9-81edf6b54d5d', 'e16d6b32-cca9-4a91-a2e5-688652df1c80', '89360b62-1885-471a-9366-0e01d28d86f6', '58258', 'In Repair', 'Fair', 'ServiceRequired', '35', 'Suscipit, ut non modo numquam nocet cuiquam, sed contra semper afficit cum vi sua atque natura, quod tranquillat animos, tum spe nihil earum rerum defuturum, quas natura non depravata desiderat. Et quem ad modum affecta nunc est, desiderat?'' -- Nihil.', '2025-02-13', '2024-05-02 04:59:52', 'Activo', '0'),
('896ac802-2bb7-4d05-9c50-34b448545b46', '4e79985a-85e5-4827-96b3-b5522a3203e4', '89360b62-1885-471a-9366-0e01d28d86f6', '429416', 'Idle', 'Fair', 'ReplacementNeeded', '35', 'Dices, libenter assentiar. Probabo, inquit, modo ista sis aequitate, quam ostendis.', '2024-09-11', '2024-06-27 06:49:27', 'Activo', '0'),
('e20bba37-53ae-42b2-914f-dd9b7c0b5242', '4d30b778-1d2e-4aec-9aa1-864d865ec4ea', 'd1e55d00-5e8e-4b68-98b9-36ceaeb487db', '177577', 'Idle', 'Cracked', 'ReplacementNeeded', '91', 'Innumerabiles mundi, qui et oriantur et intereant cotidie. Quae etsi mihi nullo modo nec divelli nec distrahi possint, sic de.', '2024-12-16', '2025-02-27 21:14:15', 'Inactivo', '0'),
('63473a4f-51a0-4204-9424-483ee5192efc', '4ce5b61a-f757-4416-8d89-dfaf153ef7bd', 'd1e55d00-5e8e-4b68-98b9-36ceaeb487db', '443759', 'Not Applicable', 'Over-inflated', 'NeedsAdjustment', '51', 'Perspexit in hoc ipso vitae spatio amicitiae praesidium esse firmissimum.'' Sunt autem quidam e nostris, qui haec subtilius velint tradere et.', '2025-01-21', '2024-06-16 17:18:33', 'Activo', '0'),
('98bad119-3495-4199-965f-58bdf12cb2e3', 'e79bc58a-bad7-45ef-96da-2a194a15db68', '3970dfa4-63f4-40f1-9dde-497db4fa09bb', '329296', 'Idle', 'Fair', 'ReplacementNeeded', '65', 'Quod fit etiam nunc ab Epicureis. Sed ad rem redeamus; de hominibus.', '2024-12-22', '2024-04-17 07:40:24', 'Inactivo', '0'),
('02e5026b-a821-4305-9d92-7b711221ae59', '246eec22-0d5e-4ce2-bb52-554c61ac7479', '091b03e8-4533-4704-b192-0bd164971fff', '212412', 'Operational', 'Under-inflated', 'GoodCondition', '31', 'Permanentes, quas ob causas in eorum vita nulla est intercapedo molestiae. Igitur neque stultorum quisquam beatus neque sapientium non beatus. Multoque hoc melius nos veriusque quam Stoici. Illi.', '2024-07-12', '2025-01-25 21:21:37', 'Inactivo', '0'),
('bd8c3c2b-fd9d-4503-8f0e-ab1ae2558e23', '98ace626-f2a3-4c4e-9802-d765cc4685cc', '091b03e8-4533-4704-b192-0bd164971fff', '19678', 'Testing', 'Flat', 'Unknown', '84', 'Et vituperata ab Hortensio. Qui liber cum et tibi probatus videretur et iis, quos modo nominavi, cum Attico nostro frequenter audivi.', '2024-08-03', '2024-04-18 19:24:30', 'Activo', '1'),
('9fd00e25-5d54-4dab-8f80-a6507d01774a', 'a17b3520-3fa1-49c1-91f3-a804e3829bfa', '091b03e8-4533-4704-b192-0bd164971fff', '4911', 'Running', 'New', 'Operational', '75', 'Ad eos cum suavitate afflueret et illaberetur, nec manus esse.', '2025-03-06', '2024-12-01 03:05:22', 'Inactivo', '0'),
('2eb7714f-b843-4f0c-95bd-629dce8b100a', '720b3ac4-c1a7-483a-9de7-f389c1f74a1d', 'd7e86721-a38a-49f2-8d28-e535e36154b7', '120580', 'Stopped', 'Good', 'WornOut', '38', 'Igitur est difficilius satis facere, qui se dicant in Graecis legendis operam malle consumere. Postremo aliquos futuros suspicor, qui me ad alias litteras vocent, genus hoc scribendi, etsi sit elegans, personae tamen et dignitatis esse negent. Contra quos omnis.', '2025-02-12', '2024-06-09 10:46:57', 'Inactivo', '1'),
('d960b179-dc78-4797-86af-0b6dc8c01551', '5b0a58a6-17a1-4ab8-bbc2-ec8ac10f9611', 'd7e86721-a38a-49f2-8d28-e535e36154b7', '396422', 'Not Applicable', 'Good', 'NeedsAdjustment', '25', 'Omnem continent, neglegentur? Nam, ut sint illa vendibiliora, haec uberiora.', '2024-06-13', '2024-11-26 14:11:59', 'Inactivo', '0'),
('af86696f-fc23-4056-a314-5bccbce6ba9b', 'f2897070-c9c9-47c7-9a9f-85f77293fc9f', 'd7e86721-a38a-49f2-8d28-e535e36154b7', '418357', 'Stopped', 'Cracked', 'WornOut', '45', 'Litteras oderit? Synephebos ego, inquit, potius Caecilii aut Andriam Terentii quam utramque Menandri legam? A quibus tantum dissentio, ut, cum Sophocles vel optime scripserit Electram, tamen male conversam Atilii mihi legendam putem, de quo quaerimus, non quo ignorare vos arbitrer, sed ut ratione et.', '2024-09-15', '2025-03-23 08:12:55', 'Inactivo', '0'),
('aaa01933-562b-4c77-966d-dba3472e350c', '7d465eff-be71-4ede-b6a9-660c3628ef58', 'c4f17b9d-c987-46d4-b480-f44db30095bc', '90779', 'In Repair', 'Under-inflated', 'ServiceRequired', '46', 'Mihi illud dixeris: ''Haec enim ipsa mihi sunt voluptati, et erant illa Torquatis.'' Numquam hoc ita defendit Epicurus neque Metrodorus aut quisquam eorum, qui aut saperet aliquid aut ista didicisset. Et quod adest sentire possumus, animo autem et praeterita grate meminit et praesentibus ita.', '2024-08-14', '2024-04-08 06:01:41', 'Activo', '1'),
('88c6fc1b-f0fb-4024-baeb-f1a214a76350', 'faedb651-445c-416a-9847-00f042b57cef', 'c4f17b9d-c987-46d4-b480-f44db30095bc', '486812', 'Stopped', 'Good', 'WornOut', '97', 'E quibus haec efficiantur ignorant. Animi autem voluptates et dolores nasci fatemur e corporis voluptatibus et doloribus -- itaque concedo, quod modo dicebas, cadere causa, si qui incurrunt, numquam vim tantam habent, ut non plus habeat sapiens, quod gaudeat, quam quod angatur.', '2024-05-18', '2024-08-26 11:05:39', 'Activo', '0'),
('6cc0efb2-d1f8-4088-a6d7-b4c245bb0837', '0ab58f98-c7fb-43a0-b327-09cdb112f131', 'e553ed60-c6d2-4124-b2a7-115f0ff285eb', '429551', 'Stopped', 'Bald', 'WornOut', '52', 'Utilitatibus, nihil ut de omni virtute sit dictum. Sed similia fere dici possunt. Ut enim sapientiam, temperantiam, fortitudinem copulatas esse docui.', '2025-02-20', '2024-04-23 13:42:05', 'Activo', '1'),
('bb251bf7-bc89-4788-bf13-13925c1e09fd', '48597977-9997-457f-909d-885e1aca5a55', '9dfd46fa-8278-4b46-a1ad-33e330ae2e96', '322129', 'Idle', 'Good', 'ReplacementNeeded', '6', 'Distinguantur ostendit; iudicia rerum dirigentur, numquam ullius oratione victi sententia desistemus. Nisi autem rerum natura.', '2025-03-06', '2024-07-24 15:21:44', 'Activo', '1'),
('065a69a5-2828-480e-a18c-b345b57d4cb4', '9525b95b-9f31-4c14-8f98-8385006b1225', '0b7b02cf-f862-483a-81d7-8194dc16a333', '324166', 'In Repair', 'Good', 'ServiceRequired', '79', 'Aliqua. Ut enim ad minim veniam, quis nostrum exercitationem ullam corporis suscipit laboriosam, nisi ut aliquip ex ea commodo consequat. Duis aute.', '2024-04-11', '2024-09-11 21:20:22', 'Inactivo', '1'),
('e820de75-cb39-45fa-b46d-e5213cdea155', '7cf59c7c-ae52-47bd-b71a-049ffb792e6e', '0b7b02cf-f862-483a-81d7-8194dc16a333', '248034', 'Operational', 'Fair', 'GoodCondition', '70', 'Deterret --, sic isti curiosi, quos offendit noster minime nobis iniucundus labor. Iis igitur est difficilius satis facere, qui se dicant in Graecis legendis operam malle consumere. Postremo aliquos futuros suspicor, qui me ad alias litteras vocent, genus hoc scribendi.', '2024-12-07', '2024-07-07 21:07:09', 'Inactivo', '0'),
('09b0166f-3164-4a06-b7ce-ea44326ebccb', '485d4ef6-805e-435d-b5a6-b9d0134c9b46', '54097635-d516-42b9-bd81-476afee73be7', '450570', 'Running', 'Under-inflated', 'Operational', '6', 'Diceret? Cum praesertim illa perdiscere ludus esset. Quam ob rem dissentientium inter se dissident atque discordant, ex quo intellegitur nec timiditatem ignaviamque vituperari nec fortitudinem patientiamque laudari suo nomine, sed illas reici, quia dolorem pariant, has optari, quia voluptatem. Iustitia restat, ut de utilitatibus.', '2024-05-20', '2024-06-26 15:22:57', 'Activo', '1'),
('28e75185-eb38-4f46-a182-760c84f35668', '6f271e65-c519-4e0c-9754-8061c4f7e786', '54097635-d516-42b9-bd81-476afee73be7', '498890', 'Under Maintenance', 'New', 'Squealing', '91', 'Ullius oratione victi sententia desistemus. Nisi autem rerum natura perspecta erit, nullo modo nec divelli nec distrahi possint, sic de iustitia iudicandum.', '2025-01-31', '2024-12-23 21:26:31', 'Inactivo', '1'),
('1be9e702-eba6-4c29-8dff-09df1e8e876b', 'ea84bb88-ea43-4c7e-b62c-bdd2c6d26e4f', '4039b00e-1676-484a-9903-edc5ca83a56e', '366851', 'Unknown', 'Under-inflated', 'Satisfactory', '41', 'In malis dolor, non existimant oportere nimium nos causae confidere, sed et argumentandum et accurate disserendum et rationibus conquisitis de voluptate et dolore magnam.', '2024-09-28', '2024-08-11 00:49:34', 'Activo', '0'),
('71c53595-85f5-4d77-8ca8-05040613fc43', '8e1f9d13-02e1-46c6-b9c5-a6cf3e39fe23', '6c0c241e-f3a2-417c-b33e-1793a28a9d47', '213118', 'In Repair', 'Needs Replacement', 'ServiceRequired', '18', 'Factis et moribus comprobavit. Quod quam magnum sit fictae veterum fabulae declarant, in quibus nulla solida utilitas omnisque puerilis est delectatio, aut se, ut Plato, in musicis, geometria, numeris, astris contereret, quae et terroribus cupiditatibusque detractis et omnium falsarum opinionum temeritate derepta.', '2024-10-06', '2024-11-03 12:43:42', 'Inactivo', '0'),
('f67a52ea-088e-43aa-a51f-ab6fc6c52373', '4576a74f-038f-47e6-b88a-8dd399274b7e', '6c0c241e-f3a2-417c-b33e-1793a28a9d47', '319957', 'Not Applicable', 'Worn', 'NeedsAdjustment', '20', 'Voluptatem ex hoc facillime perspici potest: Constituamus aliquem magnis, multis, perpetuis fruentem et animo et corpore voluptatibus nullo dolore nec impediente nec inpendente, quem.', '2025-02-23', '2024-09-17 14:27:58', 'Inactivo', '1'),
('33332c4b-6592-4406-9f25-f0bb3f58f6e9', 'c6acd3b4-1d94-48a2-a358-31453f8bd3f5', '10155561-791b-415e-8c4f-c31079ebb7ad', '487031', 'Running', 'Over-inflated', 'Operational', '67', 'Nominant --, quod ipsum nullam ad aliam rem, ad id omnia referri oporteat, ipsum autem nusquam. Hoc Epicurus in voluptate aut a voluptate discedere. Nam cum ignoratione rerum bonarum et malarum maxime hominum vita vexetur, ob eumque errorem et voluptatibus maximis saepe priventur et durissimis animi doloribus torqueantur, sapientia est adhibenda, quae et a spe pariendarum.', '2024-07-18', '2024-04-17 10:50:47', 'Activo', '1'),
('05ebe63c-657f-4b6e-a810-c14e2c6ab0b8', '37c65dd3-9bd6-4e22-a607-299eff584ef0', '10155561-791b-415e-8c4f-c31079ebb7ad', '318466', 'Operational', 'New', 'GoodCondition', '15', 'Adipisci velit, sed quia maiores consequatur. Eadem fortitudinis ratio reperietur. Nam neque laborum perfunctio neque perpessio dolorum per se ipsam optabilem, sed quia consequuntur magni dolores eos, qui ratione voluptatem.', '2024-06-17', '2024-08-25 21:21:30', 'Activo', '0'),
('fd073e2f-bc2f-4b87-96cf-9f1301ab9bc5', 'e82c23c6-d76b-43b4-8dea-801315165f88', '10155561-791b-415e-8c4f-c31079ebb7ad', '231704', 'Not Applicable', 'Under-inflated', 'NeedsAdjustment', '89', 'Intemperantiam propter se esse expetendam et insipientiam propter molestias esse fugiendam? Eademque ratione ne temperantiam quidem propter se ipsos amentur. Etenim.', '2024-10-07', '2024-05-10 14:53:46', 'Inactivo', '1'),
('706f8887-78ed-46af-a86e-2cc56d23d80e', '29e47ecf-b475-4ea1-a49a-5d57fd5c90f9', '1861a9f3-5635-4893-b948-55ed50fe1663', '60001', 'Not Applicable', 'Cracked', 'NeedsAdjustment', '41', 'Deinde hoc quoque alienum; nam ante Aristippus, et ille melius. Addidisti ad extremum etiam indoctum fuisse. Fieri, inquam, Triari, nullo pacto potest, ut errem, sed ita sentio.', '2024-07-04', '2024-08-28 15:35:26', 'Activo', '0'),
('930c25ad-12c6-4c2e-924e-fa64f807ad7f', '30324d9d-9776-43f9-a28b-8749e4b6a9e9', '1861a9f3-5635-4893-b948-55ed50fe1663', '133009', 'Testing', 'Over-inflated', 'Unknown', '24', 'Quibus haec efficiantur ignorant. Animi autem morbi sunt cupiditates inmensae et inanes divitiarum, gloriae, dominationis, libidinosarum etiam voluptatum. Accedunt aegritudines, molestiae, maerores, qui exedunt animos conficiuntque curis hominum non intellegentium nihil dolendum esse animo, quod sit iudicatum. Plerique autem, quod.', '2025-03-20', '2024-11-15 06:30:43', 'Inactivo', '1'),
('1e0f5837-eb05-4165-8be9-e3c463ff1086', 'cbcb8148-16fd-432e-81ff-f7d1ac10e17e', '1861a9f3-5635-4893-b948-55ed50fe1663', '392045', 'In Repair', 'Bald', 'ServiceRequired', '43', 'Quam ostendis. Sed uti oratione.', '2024-09-10', '2024-10-20 16:52:19', 'Activo', '1'),
('bb79cfb0-b328-49b9-9458-c49991d01200', '8ec23ab6-0ac6-42f9-a363-aa6552a9c9b5', '0f258cc6-f6c5-44c8-9d4c-f015666e3587', '301063', 'Testing', 'Over-inflated', 'Unknown', '71', 'Affectus, eum necesse est in quo a nobis explicatam esse his litteris arbitramur, in quibus, quantum potuimus, non modo singulos homines, sed universas familias evertunt, totam etiam labefactant saepe rem publicam. Ex cupiditatibus odia, discidia, discordiae, seditiones, bella nascuntur.', '2024-05-14', '2024-11-04 02:47:48', 'Activo', '0'),
('d190ac73-952e-455b-a549-39eccf25c0f9', '21755cb4-387c-4e0b-8243-b952175ed36b', '0f258cc6-f6c5-44c8-9d4c-f015666e3587', '226792', 'Under Maintenance', 'Needs Replacement', 'Squealing', '92', 'Artis, sed bonae valetudinis causa probamus, et gubernatoris ars, quia bene navigandi rationem habet, utilitate, non arte laudatur, sic sapientia, quae ars vivendi putanda est, non expeteretur, si nihil tale metuamus. Iam illud quidem physici, credere aliquid esse minimum, quod profecto numquam putavisset, si a Polyaeno, familiari suo.', '2025-03-29', '2024-11-29 08:07:18', 'Activo', '1'),
('cfa1805d-142f-457b-a9e2-b94071aef22f', '4bac0537-78f0-45fd-91b2-6a6f04e7fdf5', '0f258cc6-f6c5-44c8-9d4c-f015666e3587', '281661', 'Stopped', 'Damaged', 'WornOut', '2', 'Sentio et saepe etiam legum.', '2024-09-06', '2025-03-29 12:04:11', 'Inactivo', '0'),
('ce42aaa5-91b0-4d13-af46-702c80ab5b52', '00da639b-4722-452b-b0b4-5fef22e414cd', '5b383b08-4744-4bac-ae9d-75ff844b0521', '86424', 'Testing', 'Flat', 'Unknown', '42', 'A nobis philosophia defensa et collaudata est, cum id, quod quaeritur, sit pulcherrimum. Etenim si.', '2025-03-31', '2024-12-03 08:08:58', 'Activo', '0'),
('39750dc0-e8fd-48ca-9126-2188260adacc', 'b60d128c-ca3b-40e1-9461-84339e9c6347', 'dc9a87da-f492-4999-be7f-d48cabf63e9e', '355327', 'Operational', 'Damaged', 'GoodCondition', '85', 'Vero hoc oratione solum, sed multo etiam magis, quorum ille iudicium reformidans Tarentinis ait se et alliciat suapte.', '2024-05-19', '2024-10-26 05:44:58', 'Inactivo', '1'),
('9145c111-8eaa-4741-88d4-162854034bed', '1a989a3e-6388-457e-b88d-da6f0cee0698', '2f1b2801-a134-41ff-9806-2235a38fd2a6', '151565', 'Under Maintenance', 'Good', 'Squealing', '19', 'Emolumenti, quae pariuntur iniuria. Itaque ne iustitiam quidem recte.', '2024-06-29', '2024-11-02 23:25:09', 'Inactivo', '1'),
('b105a7a3-7752-4373-9c9c-ba975c95df49', '25dfb301-77c1-4fee-b972-eecf111e09d1', '2f1b2801-a134-41ff-9806-2235a38fd2a6', '401164', 'Running', 'Flat', 'Operational', '97', 'Pacto potest, ut errem, sed ita prorsus existimo, neque eum Torquatum, qui hoc primus cognomen invenerit, aut torquem illum hosti detraxisse, ut aliquam ex eo est consecutus? -- Laudem et.', '2024-06-24', '2024-07-08 21:08:46', 'Inactivo', '1'),
('1f499b95-9f16-4b2b-a072-409b772cc82c', '498d3d16-3171-426a-8f30-6d03099b0bc2', '2f1b2801-a134-41ff-9806-2235a38fd2a6', '23776', 'Not Applicable', 'Damaged', 'NeedsAdjustment', '24', 'Quis eas aut laudabilis aut expetendas arbitraretur? Ut.', '2025-03-11', '2024-08-07 15:59:50', 'Inactivo', '0'),
('3714b0e7-8b6b-4713-bffc-915415d78ce9', 'fcd2bd47-178e-4f8b-bd5e-f6e02cf61eee', '984c62fb-bb25-4849-8798-0a91033e54a4', '153712', 'Operational', 'Under-inflated', 'GoodCondition', '15', 'Nostris aliter existimant, quos quidem video minime esse deterritum. Quae cum dixisset, Explicavi, inquit, sententiam meam, et eo.', '2024-09-29', '2024-08-31 21:11:37', 'Inactivo', '0'),
('a60d843b-b0d2-4417-8afd-af2f000ca955', 'd36a7c51-b068-4352-9588-f37b09a7bd09', '984c62fb-bb25-4849-8798-0a91033e54a4', '109816', 'Running', 'Worn', 'Operational', '57', 'Quae naturales essent nec tamen necessariae, tertium, quae nec naturales.', '2024-12-14', '2024-10-17 05:48:48', 'Inactivo', '0'),
('49865e28-078e-47d7-bbd9-149161ba445c', '6e3a348b-5293-4160-adac-945ef137d495', '984c62fb-bb25-4849-8798-0a91033e54a4', '291914', 'In Repair', 'New', 'ServiceRequired', '74', 'Id reprehendunt, si remissius agatur, sed tantum studium tamque multam operam ponendam in eo quoque elaborare, ut sint.', '2024-11-16', '2024-09-09 14:54:16', 'Inactivo', '0'),
('ede92e6d-7b56-4e47-ad9d-b238aad53a43', '2e38715e-dba1-4c42-a103-dbf94ff6ac37', 'ed8d3c2a-87f1-474f-a1dd-eebe576867e4', '8433', 'Testing', 'Good', 'Unknown', '27', 'Scribimus, quis est tam invidus, qui ab eo delectari, quod ista Platonis, Aristoteli, Theophrasti orationis ornamenta neglexerit. Nam illud quidem perspicuum est, maximam animi aut voluptatem aut molestiam plus aut ad miseram.', '2024-11-30', '2025-02-06 19:04:04', 'Inactivo', '0'),
('41b7ab7f-4d1c-441d-8b5e-db6401f160f3', 'fd34140a-ac33-4a11-8be9-bdf73c542284', 'ed8d3c2a-87f1-474f-a1dd-eebe576867e4', '392205', 'Stopped', 'Bald', 'WornOut', '84', 'Cum dolore, cui sententiae consentaneum est ultimum esse bonorum voluptatem ex infinito tempore aetatis percipi posse, quam ex.', '2024-10-08', '2024-09-03 21:56:43', 'Activo', '0'),
('1f77cda6-9836-4bc6-8987-79ef970b1f43', 'ac358512-4424-4756-8383-56e8c8929a95', 'ed8d3c2a-87f1-474f-a1dd-eebe576867e4', '118823', 'Faulty', 'New', 'FailureImminent', '44', 'Quidem expedire possunt, quod disserunt. Praeterea sublata cognitione et scientia tollitur omnis ratio et vitae degendae.', '2024-07-13', '2024-12-02 16:33:15', 'Activo', '0'),
('559c95b1-3038-4dd6-9e5f-aefbb3802881', 'ffbeb426-f150-4d96-a406-d9604c26320c', '0cceb620-7c81-4ea0-8de9-b10a2494f70b', '67886', 'Operational', 'Worn', 'GoodCondition', '30', 'Inquit, sic agam, ut ipsi auctori huius disciplinae placet: constituam, quid et quale sit.', '2024-10-07', '2024-05-10 05:55:06', 'Inactivo', '1'),
('ca962fe8-a287-4109-b7ff-c05748bb267f', '1e8c9d35-e2b2-4c47-b020-5eda3f2f93ad', '0cceb620-7c81-4ea0-8de9-b10a2494f70b', '163797', 'Idle', 'Bald', 'ReplacementNeeded', '14', 'Ut postea variari voluptas distinguique possit, augeri amplificarique non possit. At etiam Athenis, ut e patre audiebam facete et urbane Stoicos irridente, statua est in eo, qui.', '2024-07-06', '2024-05-21 00:28:50', 'Inactivo', '0'),
('cd04bf15-7811-4e1e-9270-fdc7605f92fc', '6cc5fc94-1424-43a2-93de-c985f01ebcdb', '1a85818d-5201-44c9-a385-dc7f22a46729', '119639', 'Faulty', 'Over-inflated', 'FailureImminent', '1', 'Et ii quidem eruditi Graecis litteris, contemnentes Latinas, qui se plane.', '2025-03-19', '2024-10-04 22:10:25', 'Activo', '1'),
('ab680049-58e9-402d-9d7b-17f317a6fa8b', 'c6648df3-efa2-42ce-aa3c-f1b16248771f', '1a85818d-5201-44c9-a385-dc7f22a46729', '412137', 'Stopped', 'Damaged', 'WornOut', '59', 'Possum, in eo filio adhibuit, quem in adoptionem D. Silano emancipaverat, ut eum Macedonum legatis accusantibus, quod pecunias praetorem in provincia cepisse arguerent, causam apud se dicere iuberet reque ex utraque parte audita pronuntiaret eum non.', '2024-05-10', '2024-05-07 04:06:38', 'Activo', '1'),
('ae6ffeaf-fc91-43eb-abbb-8345a6b714e7', 'c33fd03a-ba00-48b7-a72d-ba9d27f7be5d', '83669e9a-88ce-45e4-ae30-45d0d0343a18', '226858', 'Not Applicable', 'Under-inflated', 'NeedsAdjustment', '81', 'Malivoli, invidi, difficiles, lucifugi, maledici, monstruosi, alii autem etiam amatoriis levitatibus dediti, alii petulantes.', '2024-05-20', '2024-04-13 22:09:00', 'Inactivo', '0'),
('b1a3d2a8-046b-4781-91f3-a29d2b408149', '16a8d532-1dca-4701-b404-ccde726d0312', '83669e9a-88ce-45e4-ae30-45d0d0343a18', '412616', 'Testing', 'Under-inflated', 'Unknown', '81', 'Ut et adversa quasi perpetua oblivione obruamus et.', '2024-12-10', '2024-05-22 22:10:43', 'Activo', '1'),
('d20ed164-edb4-4286-9112-2f350608758e', '846f47e8-6099-45f5-bd88-bfcac068b61e', '7b2a775b-2695-4564-9ec1-2e06a6d07c70', '156525', 'Idle', 'Flat', 'ReplacementNeeded', '71', 'Aut omnia semper desperantes aut malivoli, invidi, difficiles, lucifugi, maledici, monstruosi, alii autem etiam amaret, cotidieque inter nos ea, quae corrigere vult, mihi quidem nulli satis eruditi videntur, quibus nostra ignota sunt. An ''Utinam ne in nemore . . .'' nihilo minus legimus quam.', '2025-03-08', '2025-03-22 14:37:40', 'Inactivo', '1'),
('923c5a93-7201-41a0-a952-d4a14379ef28', '226bd6b3-c243-42d9-ab64-f5b0fa9def5d', '290e5b8c-298b-4a5d-b4d7-2b633f92cab5', '491920', 'Under Maintenance', 'Good', 'Squealing', '79', 'Sunt, haec explicari non placebit Latine? Quid? Si nos non interpretum fungimur munere, sed tuemur ea, quae voluptaria, delicata, mollis habeatur disciplina, quam gravis, quam continens, quam severa sit. Non enim hanc solam sequimur, quae suavitate.', '2025-03-30', '2025-01-02 23:30:31', 'Activo', '0'),
('9531543b-6b39-40b3-8688-78a9abffa178', '6d7f6bf2-2ceb-440b-b59f-32c7e16d1391', 'd1f709aa-706c-4fc1-a4ee-c077849584d5', '114815', 'Operational', 'Damaged', 'GoodCondition', '72', 'A falso distinctio traditur. Restat locus huic disputationi vel maxime necessarius de amicitia, quam, si voluptas esset bonum, desideraret.'' .', '2024-04-30', '2024-11-02 04:31:18', 'Activo', '1'),
('76c555ba-cc44-40a4-b110-f05569ff5d79', '06d3c5d1-f19f-4bcc-addd-40c20065252c', 'd1f709aa-706c-4fc1-a4ee-c077849584d5', '360739', 'Running', 'Bald', 'Operational', '10', 'Mortem nec dolorem timentis, quod mors sensu careat, dolor in longinquitate levis, in gravitate brevis soleat esse, ut ad Orestem pervenias profectus a Theseo.', '2024-10-24', '2024-10-21 19:14:45', 'Inactivo', '1'),
('6e963152-9d4f-4bee-a444-8f4a9c707973', '8ea79738-dcf1-47d6-987f-306faf66c74a', '495f716e-6137-4750-84a7-3ea46d58bebe', '420477', 'Faulty', 'Fair', 'FailureImminent', '28', 'In quibus, quantum potuimus, non modo numquam nocet cuiquam, sed contra semper afficit cum vi sua atque natura, quod tranquillat animos, tum spe nihil earum rerum defuturum, quas natura non depravata desiderat. Et quem ad me.', '2024-12-03', '2024-05-26 12:56:39', 'Activo', '0'),
('41040780-f4c3-4786-a1bb-88ba04b6c831', '2478f59f-d41d-4ece-b1d4-899c50706ee2', '495f716e-6137-4750-84a7-3ea46d58bebe', '193066', 'Running', 'Damaged', 'Operational', '9', 'Habeat quam dolorum. Nam et ipsa declinatio ad libidinem fingitur -- ait enim declinare atomum sine causa; quo.', '2024-11-09', '2024-10-03 15:52:47', 'Inactivo', '1');


-- fabricate-flush


SET session_replication_role = 'origin';
